Team,Season,Week,Date,Opp
Jacksonville Jaguars,1995,1,1995-09-03,Houston Oilers
Jacksonville Jaguars,1995,2,1995-09-10,Cincinnati Bengals
Jacksonville Jaguars,1995,3,1995-09-17,New York Jets
Jacksonville Jaguars,1995,4,1995-09-24,Green Bay Packers
Jacksonville Jaguars,1995,5,1995-10-01,Houston Oilers
Jacksonville Jaguars,1995,6,1995-10-08,Pittsburgh Steelers
Jacksonville Jaguars,1995,7,1995-10-15,Chicago Bears
Jacksonville Jaguars,1995,8,1995-10-22,Cleveland Browns
Jacksonville Jaguars,1995,9,1995-10-29,Pittsburgh Steelers
Jacksonville Jaguars,1995,11,1995-11-12,Seattle Seahawks
Jacksonville Jaguars,1995,12,1995-11-19,Tampa Bay Buccaneers
Jacksonville Jaguars,1995,13,1995-11-26,Cincinnati Bengals
Jacksonville Jaguars,1995,14,1995-12-03,Denver Broncos
Jacksonville Jaguars,1995,15,1995-12-10,Indianapolis Colts
Jacksonville Jaguars,1995,16,1995-12-17,Detroit Lions
Jacksonville Jaguars,1995,17,1995-12-24,Cleveland Browns
Jacksonville Jaguars,1996,1,1996-09-01,Pittsburgh Steelers
Jacksonville Jaguars,1996,2,1996-09-08,Houston Oilers
Jacksonville Jaguars,1996,3,1996-09-15,Oakland Raiders
Jacksonville Jaguars,1996,4,1996-09-22,New England Patriots
Jacksonville Jaguars,1996,5,1996-09-29,Carolina Panthers
Jacksonville Jaguars,1996,6,1996-10-06,New Orleans Saints
Jacksonville Jaguars,1996,7,1996-10-13,New York Jets
Jacksonville Jaguars,1996,8,1996-10-20,St. Louis Rams
Jacksonville Jaguars,1996,9,1996-10-27,Cincinnati Bengals
Jacksonville Jaguars,1996,11,1996-11-10,Baltimore Ravens
Jacksonville Jaguars,1996,12,1996-11-17,Pittsburgh Steelers
Jacksonville Jaguars,1996,13,1996-11-24,Baltimore Ravens
Jacksonville Jaguars,1996,14,1996-12-01,Cincinnati Bengals
Jacksonville Jaguars,1996,15,1996-12-08,Houston Oilers
Jacksonville Jaguars,1996,16,1996-12-15,Seattle Seahawks
Jacksonville Jaguars,1996,17,1996-12-22,Atlanta Falcons
Jacksonville Jaguars,1996,18,1996-12-28,Buffalo Bills
Jacksonville Jaguars,1996,19,1997-01-04,Denver Broncos
Jacksonville Jaguars,1996,20,1997-01-12,New England Patriots
Jacksonville Jaguars,1997,1,1997-08-31,Baltimore Ravens
Jacksonville Jaguars,1997,2,1997-09-07,New York Giants
Jacksonville Jaguars,1997,4,1997-09-22,Pittsburgh Steelers
Jacksonville Jaguars,1997,5,1997-09-28,Washington Redskins
Jacksonville Jaguars,1997,6,1997-10-05,Cincinnati Bengals
Jacksonville Jaguars,1997,7,1997-10-12,Philadelphia Eagles
Jacksonville Jaguars,1997,8,1997-10-19,Dallas Cowboys
Jacksonville Jaguars,1997,9,1997-10-26,Pittsburgh Steelers
Jacksonville Jaguars,1997,10,1997-11-02,Tennessee Oilers
Jacksonville Jaguars,1997,11,1997-11-09,Kansas City Chiefs
Jacksonville Jaguars,1997,12,1997-11-16,Tennessee Oilers
Jacksonville Jaguars,1997,13,1997-11-23,Cincinnati Bengals
Jacksonville Jaguars,1997,14,1997-11-30,Baltimore Ravens
Jacksonville Jaguars,1997,15,1997-12-07,New England Patriots
Jacksonville Jaguars,1997,16,1997-12-14,Buffalo Bills
Jacksonville Jaguars,1997,17,1997-12-21,Oakland Raiders
Jacksonville Jaguars,1997,18,1997-12-27,Denver Broncos
Jacksonville Jaguars,1998,1,1998-09-06,Chicago Bears
Jacksonville Jaguars,1998,2,1998-09-13,Kansas City Chiefs
Jacksonville Jaguars,1998,3,1998-09-20,Baltimore Ravens
Jacksonville Jaguars,1998,4,1998-09-27,Tennessee Oilers
Jacksonville Jaguars,1998,6,1998-10-12,Miami Dolphins
Jacksonville Jaguars,1998,7,1998-10-18,Buffalo Bills
Jacksonville Jaguars,1998,8,1998-10-25,Denver Broncos
Jacksonville Jaguars,1998,9,1998-11-01,Baltimore Ravens
Jacksonville Jaguars,1998,10,1998-11-08,Cincinnati Bengals
Jacksonville Jaguars,1998,11,1998-11-15,Tampa Bay Buccaneers
Jacksonville Jaguars,1998,12,1998-11-22,Pittsburgh Steelers
Jacksonville Jaguars,1998,13,1998-11-29,Cincinnati Bengals
Jacksonville Jaguars,1998,14,1998-12-06,Detroit Lions
Jacksonville Jaguars,1998,15,1998-12-13,Tennessee Oilers
Jacksonville Jaguars,1998,16,1998-12-20,Minnesota Vikings
Jacksonville Jaguars,1998,17,1998-12-28,Pittsburgh Steelers
Jacksonville Jaguars,1998,18,1999-01-03,New England Patriots
Jacksonville Jaguars,1998,19,1999-01-10,New York Jets
Jacksonville Jaguars,1999,1,1999-09-12,San Francisco 49ers
Jacksonville Jaguars,1999,2,1999-09-19,Carolina Panthers
Jacksonville Jaguars,1999,3,1999-09-26,Tennessee Titans
Jacksonville Jaguars,1999,4,1999-10-03,Pittsburgh Steelers
Jacksonville Jaguars,1999,5,1999-10-11,New York Jets
Jacksonville Jaguars,1999,6,1999-10-17,Cleveland Browns
Jacksonville Jaguars,1999,8,1999-10-31,Cincinnati Bengals
Jacksonville Jaguars,1999,9,1999-11-07,Atlanta Falcons
Jacksonville Jaguars,1999,10,1999-11-14,Baltimore Ravens
Jacksonville Jaguars,1999,11,1999-11-21,New Orleans Saints
Jacksonville Jaguars,1999,12,1999-11-28,Baltimore Ravens
Jacksonville Jaguars,1999,13,1999-12-02,Pittsburgh Steelers
Jacksonville Jaguars,1999,14,1999-12-13,Denver Broncos
Jacksonville Jaguars,1999,15,1999-12-19,Cleveland Browns
Jacksonville Jaguars,1999,16,1999-12-26,Tennessee Titans
Jacksonville Jaguars,1999,17,2000-01-02,Cincinnati Bengals
Jacksonville Jaguars,1999,18,2000-01-15,Miami Dolphins
Jacksonville Jaguars,1999,19,2000-01-23,Tennessee Titans
Jacksonville Jaguars,2000,1,2000-09-03,Cleveland Browns
Jacksonville Jaguars,2000,2,2000-09-10,Baltimore Ravens
Jacksonville Jaguars,2000,3,2000-09-17,Cincinnati Bengals
Jacksonville Jaguars,2000,4,2000-09-25,Indianapolis Colts
Jacksonville Jaguars,2000,5,2000-10-01,Pittsburgh Steelers
Jacksonville Jaguars,2000,6,2000-10-08,Baltimore Ravens
Jacksonville Jaguars,2000,7,2000-10-16,Tennessee Titans
Jacksonville Jaguars,2000,8,2000-10-22,Washington Redskins
Jacksonville Jaguars,2000,9,2000-10-29,Dallas Cowboys
Jacksonville Jaguars,2000,11,2000-11-12,Seattle Seahawks
Jacksonville Jaguars,2000,12,2000-11-19,Pittsburgh Steelers
Jacksonville Jaguars,2000,13,2000-11-26,Tennessee Titans
Jacksonville Jaguars,2000,14,2000-12-03,Cleveland Browns
Jacksonville Jaguars,2000,15,2000-12-10,Arizona Cardinals
Jacksonville Jaguars,2000,16,2000-12-17,Cincinnati Bengals
Jacksonville Jaguars,2000,17,2000-12-23,New York Giants
Jacksonville Jaguars,2001,1,2001-09-09,Pittsburgh Steelers
Jacksonville Jaguars,2001,2,2001-09-23,Tennessee Titans
Jacksonville Jaguars,2001,3,2001-09-30,Cleveland Browns
Jacksonville Jaguars,2001,4,2001-10-07,Seattle Seahawks
Jacksonville Jaguars,2001,6,2001-10-18,Buffalo Bills
Jacksonville Jaguars,2001,7,2001-10-28,Baltimore Ravens
Jacksonville Jaguars,2001,8,2001-11-04,Tennessee Titans
Jacksonville Jaguars,2001,9,2001-11-11,Cincinnati Bengals
Jacksonville Jaguars,2001,10,2001-11-18,Pittsburgh Steelers
Jacksonville Jaguars,2001,11,2001-11-25,Baltimore Ravens
Jacksonville Jaguars,2001,12,2001-12-03,Green Bay Packers
Jacksonville Jaguars,2001,13,2001-12-09,Cincinnati Bengals
Jacksonville Jaguars,2001,14,2001-12-16,Cleveland Browns
Jacksonville Jaguars,2001,15,2001-12-23,Minnesota Vikings
Jacksonville Jaguars,2001,16,2001-12-30,Kansas City Chiefs
Jacksonville Jaguars,2001,17,2002-01-06,Chicago Bears
Jacksonville Jaguars,2002,1,2002-09-08,Indianapolis Colts
Jacksonville Jaguars,2002,2,2002-09-15,Kansas City Chiefs
Jacksonville Jaguars,2002,4,2002-09-29,New York Jets
Jacksonville Jaguars,2002,5,2002-10-06,Philadelphia Eagles
Jacksonville Jaguars,2002,6,2002-10-13,Tennessee Titans
Jacksonville Jaguars,2002,7,2002-10-20,Baltimore Ravens
Jacksonville Jaguars,2002,8,2002-10-27,Houston Texans
Jacksonville Jaguars,2002,9,2002-11-03,New York Giants
Jacksonville Jaguars,2002,10,2002-11-10,Washington Redskins
Jacksonville Jaguars,2002,11,2002-11-17,Houston Texans
Jacksonville Jaguars,2002,12,2002-11-24,Dallas Cowboys
Jacksonville Jaguars,2002,13,2002-12-01,Pittsburgh Steelers
Jacksonville Jaguars,2002,14,2002-12-08,Cleveland Browns
Jacksonville Jaguars,2002,15,2002-12-15,Cincinnati Bengals
Jacksonville Jaguars,2002,16,2002-12-22,Tennessee Titans
Jacksonville Jaguars,2002,17,2002-12-29,Indianapolis Colts
Jacksonville Jaguars,2003,1,2003-09-07,Carolina Panthers
Jacksonville Jaguars,2003,2,2003-09-14,Buffalo Bills
Jacksonville Jaguars,2003,3,2003-09-21,Indianapolis Colts
Jacksonville Jaguars,2003,4,2003-09-28,Houston Texans
Jacksonville Jaguars,2003,5,2003-10-05,San Diego Chargers
Jacksonville Jaguars,2003,6,2003-10-12,Miami Dolphins
Jacksonville Jaguars,2003,8,2003-10-26,Tennessee Titans
Jacksonville Jaguars,2003,9,2003-11-02,Baltimore Ravens
Jacksonville Jaguars,2003,10,2003-11-09,Indianapolis Colts
Jacksonville Jaguars,2003,11,2003-11-16,Tennessee Titans
Jacksonville Jaguars,2003,12,2003-11-23,New York Jets
Jacksonville Jaguars,2003,13,2003-11-30,Tampa Bay Buccaneers
Jacksonville Jaguars,2003,14,2003-12-07,Houston Texans
Jacksonville Jaguars,2003,15,2003-12-14,New England Patriots
Jacksonville Jaguars,2003,16,2003-12-21,New Orleans Saints
Jacksonville Jaguars,2003,17,2003-12-28,Atlanta Falcons
Jacksonville Jaguars,2004,1,2004-09-12,Buffalo Bills
Jacksonville Jaguars,2004,2,2004-09-19,Denver Broncos
Jacksonville Jaguars,2004,3,2004-09-26,Tennessee Titans
Jacksonville Jaguars,2004,4,2004-10-03,Indianapolis Colts
Jacksonville Jaguars,2004,5,2004-10-10,San Diego Chargers
Jacksonville Jaguars,2004,6,2004-10-17,Kansas City Chiefs
Jacksonville Jaguars,2004,7,2004-10-24,Indianapolis Colts
Jacksonville Jaguars,2004,8,2004-10-31,Houston Texans
Jacksonville Jaguars,2004,10,2004-11-14,Detroit Lions
Jacksonville Jaguars,2004,11,2004-11-21,Tennessee Titans
Jacksonville Jaguars,2004,12,2004-11-28,Minnesota Vikings
Jacksonville Jaguars,2004,13,2004-12-05,Pittsburgh Steelers
Jacksonville Jaguars,2004,14,2004-12-12,Chicago Bears
Jacksonville Jaguars,2004,15,2004-12-19,Green Bay Packers
Jacksonville Jaguars,2004,16,2004-12-26,Houston Texans
Jacksonville Jaguars,2004,17,2005-01-02,Oakland Raiders
Jacksonville Jaguars,2005,1,2005-09-11,Seattle Seahawks
Jacksonville Jaguars,2005,2,2005-09-18,Indianapolis Colts
Jacksonville Jaguars,2005,3,2005-09-25,New York Jets
Jacksonville Jaguars,2005,4,2005-10-02,Denver Broncos
Jacksonville Jaguars,2005,5,2005-10-09,Cincinnati Bengals
Jacksonville Jaguars,2005,6,2005-10-16,Pittsburgh Steelers
Jacksonville Jaguars,2005,8,2005-10-30,St. Louis Rams
Jacksonville Jaguars,2005,9,2005-11-06,Houston Texans
Jacksonville Jaguars,2005,10,2005-11-13,Baltimore Ravens
Jacksonville Jaguars,2005,11,2005-11-20,Tennessee Titans
Jacksonville Jaguars,2005,12,2005-11-27,Arizona Cardinals
Jacksonville Jaguars,2005,13,2005-12-04,Cleveland Browns
Jacksonville Jaguars,2005,14,2005-12-11,Indianapolis Colts
Jacksonville Jaguars,2005,15,2005-12-18,San Francisco 49ers
Jacksonville Jaguars,2005,16,2005-12-24,Houston Texans
Jacksonville Jaguars,2005,17,2006-01-01,Tennessee Titans
Jacksonville Jaguars,2005,18,2006-01-07,New England Patriots
Jacksonville Jaguars,2006,1,2006-09-10,Dallas Cowboys
Jacksonville Jaguars,2006,2,2006-09-18,Pittsburgh Steelers
Jacksonville Jaguars,2006,3,2006-09-24,Indianapolis Colts
Jacksonville Jaguars,2006,4,2006-10-01,Washington Redskins
Jacksonville Jaguars,2006,5,2006-10-08,New York Jets
Jacksonville Jaguars,2006,7,2006-10-22,Houston Texans
Jacksonville Jaguars,2006,8,2006-10-29,Philadelphia Eagles
Jacksonville Jaguars,2006,9,2006-11-05,Tennessee Titans
Jacksonville Jaguars,2006,10,2006-11-12,Houston Texans
Jacksonville Jaguars,2006,11,2006-11-20,New York Giants
Jacksonville Jaguars,2006,12,2006-11-26,Buffalo Bills
Jacksonville Jaguars,2006,13,2006-12-03,Miami Dolphins
Jacksonville Jaguars,2006,14,2006-12-10,Indianapolis Colts
Jacksonville Jaguars,2006,15,2006-12-17,Tennessee Titans
Jacksonville Jaguars,2006,16,2006-12-24,New England Patriots
Jacksonville Jaguars,2006,17,2006-12-31,Kansas City Chiefs
Jacksonville Jaguars,2007,1,2007-09-09,Tennessee Titans
Jacksonville Jaguars,2007,2,2007-09-16,Atlanta Falcons
Jacksonville Jaguars,2007,3,2007-09-23,Denver Broncos
Jacksonville Jaguars,2007,5,2007-10-07,Kansas City Chiefs
Jacksonville Jaguars,2007,6,2007-10-14,Houston Texans
Jacksonville Jaguars,2007,7,2007-10-22,Indianapolis Colts
Jacksonville Jaguars,2007,8,2007-10-28,Tampa Bay Buccaneers
Jacksonville Jaguars,2007,9,2007-11-04,New Orleans Saints
Jacksonville Jaguars,2007,10,2007-11-11,Tennessee Titans
Jacksonville Jaguars,2007,11,2007-11-18,San Diego Chargers
Jacksonville Jaguars,2007,12,2007-11-25,Buffalo Bills
Jacksonville Jaguars,2007,13,2007-12-02,Indianapolis Colts
Jacksonville Jaguars,2007,14,2007-12-09,Carolina Panthers
Jacksonville Jaguars,2007,15,2007-12-16,Pittsburgh Steelers
Jacksonville Jaguars,2007,16,2007-12-23,Oakland Raiders
Jacksonville Jaguars,2007,17,2007-12-30,Houston Texans
Jacksonville Jaguars,2007,18,2008-01-05,Pittsburgh Steelers
Jacksonville Jaguars,2007,19,2008-01-12,New England Patriots
Jacksonville Jaguars,2008,1,2008-09-07,Tennessee Titans
Jacksonville Jaguars,2008,2,2008-09-14,Buffalo Bills
Jacksonville Jaguars,2008,3,2008-09-21,Indianapolis Colts
Jacksonville Jaguars,2008,4,2008-09-28,Houston Texans
Jacksonville Jaguars,2008,5,2008-10-05,Pittsburgh Steelers
Jacksonville Jaguars,2008,6,2008-10-12,Denver Broncos
Jacksonville Jaguars,2008,8,2008-10-26,Cleveland Browns
Jacksonville Jaguars,2008,9,2008-11-02,Cincinnati Bengals
Jacksonville Jaguars,2008,10,2008-11-09,Detroit Lions
Jacksonville Jaguars,2008,11,2008-11-16,Tennessee Titans
Jacksonville Jaguars,2008,12,2008-11-23,Minnesota Vikings
Jacksonville Jaguars,2008,13,2008-12-01,Houston Texans
Jacksonville Jaguars,2008,14,2008-12-07,Chicago Bears
Jacksonville Jaguars,2008,15,2008-12-14,Green Bay Packers
Jacksonville Jaguars,2008,16,2008-12-18,Indianapolis Colts
Jacksonville Jaguars,2008,17,2008-12-28,Baltimore Ravens
Jacksonville Jaguars,2009,1,2009-09-13,Indianapolis Colts
Jacksonville Jaguars,2009,2,2009-09-20,Arizona Cardinals
Jacksonville Jaguars,2009,3,2009-09-27,Houston Texans
Jacksonville Jaguars,2009,4,2009-10-04,Tennessee Titans
Jacksonville Jaguars,2009,5,2009-10-11,Seattle Seahawks
Jacksonville Jaguars,2009,6,2009-10-18,St. Louis Rams
Jacksonville Jaguars,2009,8,2009-11-01,Tennessee Titans
Jacksonville Jaguars,2009,9,2009-11-08,Kansas City Chiefs
Jacksonville Jaguars,2009,10,2009-11-15,New York Jets
Jacksonville Jaguars,2009,11,2009-11-22,Buffalo Bills
Jacksonville Jaguars,2009,12,2009-11-29,San Francisco 49ers
Jacksonville Jaguars,2009,13,2009-12-06,Houston Texans
Jacksonville Jaguars,2009,14,2009-12-13,Miami Dolphins
Jacksonville Jaguars,2009,15,2009-12-17,Indianapolis Colts
Jacksonville Jaguars,2009,16,2009-12-27,New England Patriots
Jacksonville Jaguars,2009,17,2010-01-03,Cleveland Browns
Jacksonville Jaguars,2010,1,2010-09-12,Denver Broncos
Jacksonville Jaguars,2010,2,2010-09-19,San Diego Chargers
Jacksonville Jaguars,2010,3,2010-09-26,Philadelphia Eagles
Jacksonville Jaguars,2010,4,2010-10-03,Indianapolis Colts
Jacksonville Jaguars,2010,5,2010-10-10,Buffalo Bills
Jacksonville Jaguars,2010,6,2010-10-18,Tennessee Titans
Jacksonville Jaguars,2010,7,2010-10-24,Kansas City Chiefs
Jacksonville Jaguars,2010,8,2010-10-31,Dallas Cowboys
Jacksonville Jaguars,2010,10,2010-11-14,Houston Texans
Jacksonville Jaguars,2010,11,2010-11-21,Cleveland Browns
Jacksonville Jaguars,2010,12,2010-11-28,New York Giants
Jacksonville Jaguars,2010,13,2010-12-05,Tennessee Titans
Jacksonville Jaguars,2010,14,2010-12-12,Oakland Raiders
Jacksonville Jaguars,2010,15,2010-12-19,Indianapolis Colts
Jacksonville Jaguars,2010,16,2010-12-26,Washington Redskins
Jacksonville Jaguars,2010,17,2011-01-02,Houston Texans
Jacksonville Jaguars,2011,1,2011-09-11,Tennessee Titans
Jacksonville Jaguars,2011,2,2011-09-18,New York Jets
Jacksonville Jaguars,2011,3,2011-09-25,Carolina Panthers
Jacksonville Jaguars,2011,4,2011-10-02,New Orleans Saints
Jacksonville Jaguars,2011,5,2011-10-09,Cincinnati Bengals
Jacksonville Jaguars,2011,6,2011-10-16,Pittsburgh Steelers
Jacksonville Jaguars,2011,7,2011-10-24,Baltimore Ravens
Jacksonville Jaguars,2011,8,2011-10-30,Houston Texans
Jacksonville Jaguars,2011,10,2011-11-13,Indianapolis Colts
Jacksonville Jaguars,2011,11,2011-11-20,Cleveland Browns
Jacksonville Jaguars,2011,12,2011-11-27,Houston Texans
Jacksonville Jaguars,2011,13,2011-12-05,San Diego Chargers
Jacksonville Jaguars,2011,14,2011-12-11,Tampa Bay Buccaneers
Jacksonville Jaguars,2011,15,2011-12-15,Atlanta Falcons
Jacksonville Jaguars,2011,16,2011-12-24,Tennessee Titans
Jacksonville Jaguars,2011,17,2012-01-01,Indianapolis Colts
Jacksonville Jaguars,2012,1,2012-09-09,Minnesota Vikings
Jacksonville Jaguars,2012,2,2012-09-16,Houston Texans
Jacksonville Jaguars,2012,3,2012-09-23,Indianapolis Colts
Jacksonville Jaguars,2012,4,2012-09-30,Cincinnati Bengals
Jacksonville Jaguars,2012,5,2012-10-07,Chicago Bears
Jacksonville Jaguars,2012,7,2012-10-21,Oakland Raiders
Jacksonville Jaguars,2012,8,2012-10-28,Green Bay Packers
Jacksonville Jaguars,2012,9,2012-11-04,Detroit Lions
Jacksonville Jaguars,2012,10,2012-11-08,Indianapolis Colts
Jacksonville Jaguars,2012,11,2012-11-18,Houston Texans
Jacksonville Jaguars,2012,12,2012-11-25,Tennessee Titans
Jacksonville Jaguars,2012,13,2012-12-02,Buffalo Bills
Jacksonville Jaguars,2012,14,2012-12-09,New York Jets
Jacksonville Jaguars,2012,15,2012-12-16,Miami Dolphins
Jacksonville Jaguars,2012,16,2012-12-23,New England Patriots
Jacksonville Jaguars,2012,17,2012-12-30,Tennessee Titans
Jacksonville Jaguars,2013,1,2013-09-08,Kansas City Chiefs
Jacksonville Jaguars,2013,2,2013-09-15,Oakland Raiders
Jacksonville Jaguars,2013,3,2013-09-22,Seattle Seahawks
Jacksonville Jaguars,2013,4,2013-09-29,Indianapolis Colts
Jacksonville Jaguars,2013,5,2013-10-06,St. Louis Rams
Jacksonville Jaguars,2013,6,2013-10-13,Denver Broncos
Jacksonville Jaguars,2013,7,2013-10-20,San Diego Chargers
Jacksonville Jaguars,2013,8,2013-10-27,San Francisco 49ers
Jacksonville Jaguars,2013,10,2013-11-10,Tennessee Titans
Jacksonville Jaguars,2013,11,2013-11-17,Arizona Cardinals
Jacksonville Jaguars,2013,12,2013-11-24,Houston Texans
Jacksonville Jaguars,2013,13,2013-12-01,Cleveland Browns
Jacksonville Jaguars,2013,14,2013-12-05,Houston Texans
Jacksonville Jaguars,2013,15,2013-12-15,Buffalo Bills
Jacksonville Jaguars,2013,16,2013-12-22,Tennessee Titans
Jacksonville Jaguars,2013,17,2013-12-29,Indianapolis Colts
Jacksonville Jaguars,2014,1,2014-09-07,Philadelphia Eagles
Jacksonville Jaguars,2014,2,2014-09-14,Washington Redskins
Jacksonville Jaguars,2014,3,2014-09-21,Indianapolis Colts
Jacksonville Jaguars,2014,4,2014-09-28,San Diego Chargers
Jacksonville Jaguars,2014,5,2014-10-05,Pittsburgh Steelers
Jacksonville Jaguars,2014,6,2014-10-12,Tennessee Titans
Jacksonville Jaguars,2014,7,2014-10-19,Cleveland Browns
Jacksonville Jaguars,2014,8,2014-10-26,Miami Dolphins
Jacksonville Jaguars,2014,9,2014-11-02,Cincinnati Bengals
Jacksonville Jaguars,2014,10,2014-11-09,Dallas Cowboys
Jacksonville Jaguars,2014,12,2014-11-23,Indianapolis Colts
Jacksonville Jaguars,2014,13,2014-11-30,New York Giants
Jacksonville Jaguars,2014,14,2014-12-07,Houston Texans
Jacksonville Jaguars,2014,15,2014-12-14,Baltimore Ravens
Jacksonville Jaguars,2014,16,2014-12-18,Tennessee Titans
Jacksonville Jaguars,2014,17,2014-12-28,Houston Texans
Jacksonville Jaguars,2015,1,2015-09-13,Carolina Panthers
Jacksonville Jaguars,2015,2,2015-09-20,Miami Dolphins
Jacksonville Jaguars,2015,3,2015-09-27,New England Patriots
Jacksonville Jaguars,2015,4,2015-10-04,Indianapolis Colts
Jacksonville Jaguars,2015,5,2015-10-11,Tampa Bay Buccaneers
Jacksonville Jaguars,2015,6,2015-10-18,Houston Texans
Jacksonville Jaguars,2015,7,2015-10-25,Buffalo Bills
Jacksonville Jaguars,2015,9,2015-11-08,New York Jets
Jacksonville Jaguars,2015,10,2015-11-15,Baltimore Ravens
Jacksonville Jaguars,2015,11,2015-11-19,Tennessee Titans
Jacksonville Jaguars,2015,12,2015-11-29,San Diego Chargers
Jacksonville Jaguars,2015,13,2015-12-06,Tennessee Titans
Jacksonville Jaguars,2015,14,2015-12-13,Indianapolis Colts
Jacksonville Jaguars,2015,15,2015-12-20,Atlanta Falcons
Jacksonville Jaguars,2015,16,2015-12-27,New Orleans Saints
Jacksonville Jaguars,2015,17,2016-01-03,Houston Texans
Jacksonville Jaguars,2016,1,2016-09-11,Green Bay Packers
Jacksonville Jaguars,2016,2,2016-09-18,San Diego Chargers
Jacksonville Jaguars,2016,3,2016-09-25,Baltimore Ravens
Jacksonville Jaguars,2016,4,2016-10-02,Indianapolis Colts
Jacksonville Jaguars,2016,6,2016-10-16,Chicago Bears
Jacksonville Jaguars,2016,7,2016-10-23,Oakland Raiders
Jacksonville Jaguars,2016,8,2016-10-27,Tennessee Titans
Jacksonville Jaguars,2016,9,2016-11-06,Kansas City Chiefs
Jacksonville Jaguars,2016,10,2016-11-13,Houston Texans
Jacksonville Jaguars,2016,11,2016-11-20,Detroit Lions
Jacksonville Jaguars,2016,12,2016-11-27,Buffalo Bills
Jacksonville Jaguars,2016,13,2016-12-04,Denver Broncos
Jacksonville Jaguars,2016,14,2016-12-11,Minnesota Vikings
Jacksonville Jaguars,2016,15,2016-12-18,Houston Texans
Jacksonville Jaguars,2016,16,2016-12-24,Tennessee Titans
Jacksonville Jaguars,2016,17,2017-01-01,Indianapolis Colts
Jacksonville Jaguars,2017,1,2017-09-10,Houston Texans
Jacksonville Jaguars,2017,2,2017-09-17,Tennessee Titans
Jacksonville Jaguars,2017,3,2017-09-24,Baltimore Ravens
Jacksonville Jaguars,2017,4,2017-10-01,New York Jets
Jacksonville Jaguars,2017,5,2017-10-08,Pittsburgh Steelers
Jacksonville Jaguars,2017,6,2017-10-15,Los Angeles Rams
Jacksonville Jaguars,2017,7,2017-10-22,Indianapolis Colts
Jacksonville Jaguars,2017,9,2017-11-05,Cincinnati Bengals
Jacksonville Jaguars,2017,10,2017-11-12,Los Angeles Chargers
Jacksonville Jaguars,2017,11,2017-11-19,Cleveland Browns
Jacksonville Jaguars,2017,12,2017-11-26,Arizona Cardinals
Jacksonville Jaguars,2017,13,2017-12-03,Indianapolis Colts
Jacksonville Jaguars,2017,14,2017-12-10,Seattle Seahawks
Jacksonville Jaguars,2017,15,2017-12-17,Houston Texans
Jacksonville Jaguars,2017,16,2017-12-24,San Francisco 49ers
Jacksonville Jaguars,2017,17,2017-12-31,Tennessee Titans
Jacksonville Jaguars,2017,18,2018-01-07,Buffalo Bills
Jacksonville Jaguars,2017,19,2018-01-14,Pittsburgh Steelers
Jacksonville Jaguars,2017,20,2018-01-21,New England Patriots
Jacksonville Jaguars,2018,1,2018-09-09,New York Giants
Jacksonville Jaguars,2018,2,2018-09-16,New England Patriots
Jacksonville Jaguars,2018,3,2018-09-23,Tennessee Titans
Jacksonville Jaguars,2018,4,2018-09-30,New York Jets
Jacksonville Jaguars,2018,5,2018-10-07,Kansas City Chiefs
Jacksonville Jaguars,2018,6,2018-10-14,Dallas Cowboys
Jacksonville Jaguars,2018,7,2018-10-21,Houston Texans
Jacksonville Jaguars,2018,8,2018-10-28,Philadelphia Eagles
Jacksonville Jaguars,2018,10,2018-11-11,Indianapolis Colts
Jacksonville Jaguars,2018,11,2018-11-18,Pittsburgh Steelers
Jacksonville Jaguars,2018,12,2018-11-25,Buffalo Bills
Jacksonville Jaguars,2018,13,2018-12-02,Indianapolis Colts
Jacksonville Jaguars,2018,14,2018-12-06,Tennessee Titans
Jacksonville Jaguars,2018,15,2018-12-16,Washington Redskins
Jacksonville Jaguars,2018,16,2018-12-23,Miami Dolphins
Jacksonville Jaguars,2018,17,2018-12-30,Houston Texans
Jacksonville Jaguars,2019,1,2019-09-08,Kansas City Chiefs
Jacksonville Jaguars,2019,2,2019-09-15,Houston Texans
Jacksonville Jaguars,2019,3,2019-09-19,Tennessee Titans
Jacksonville Jaguars,2019,4,2019-09-29,Denver Broncos
Jacksonville Jaguars,2019,5,2019-10-06,Carolina Panthers
Jacksonville Jaguars,2019,6,2019-10-13,New Orleans Saints
Jacksonville Jaguars,2019,7,2019-10-20,Cincinnati Bengals
Jacksonville Jaguars,2019,8,2019-10-27,New York Jets
Jacksonville Jaguars,2019,9,2019-11-03,Houston Texans
Jacksonville Jaguars,2019,11,2019-11-17,Indianapolis Colts
Jacksonville Jaguars,2019,12,2019-11-24,Tennessee Titans
Jacksonville Jaguars,2019,13,2019-12-01,Tampa Bay Buccaneers
Jacksonville Jaguars,2019,14,2019-12-08,Los Angeles Chargers
Jacksonville Jaguars,2019,15,2019-12-15,Oakland Raiders
Jacksonville Jaguars,2019,16,2019-12-22,Atlanta Falcons
Jacksonville Jaguars,2019,17,2019-12-29,Indianapolis Colts
Jacksonville Jaguars,2020,1,2020-09-13,Indianapolis Colts
Jacksonville Jaguars,2020,2,2020-09-20,Tennessee Titans
Jacksonville Jaguars,2020,3,2020-09-24,Miami Dolphins
Jacksonville Jaguars,2020,4,2020-10-04,Cincinnati Bengals
Jacksonville Jaguars,2020,5,2020-10-11,Houston Texans
Jacksonville Jaguars,2020,6,2020-10-18,Detroit Lions
Jacksonville Jaguars,2020,7,2020-10-25,Los Angeles Chargers
Jacksonville Jaguars,2020,9,2020-11-08,Houston Texans
Jacksonville Jaguars,2020,10,2020-11-15,Green Bay Packers
Jacksonville Jaguars,2020,11,2020-11-22,Pittsburgh Steelers
Jacksonville Jaguars,2020,12,2020-11-29,Cleveland Browns
Jacksonville Jaguars,2020,13,2020-12-06,Minnesota Vikings
Jacksonville Jaguars,2020,14,2020-12-13,Tennessee Titans
Jacksonville Jaguars,2020,15,2020-12-20,Baltimore Ravens
Jacksonville Jaguars,2020,16,2020-12-27,Chicago Bears
Jacksonville Jaguars,2020,17,2021-01-03,Indianapolis Colts
Jacksonville Jaguars,2021,1,2021-09-12,Houston Texans
Jacksonville Jaguars,2021,2,2021-09-19,Denver Broncos
Jacksonville Jaguars,2021,3,2021-09-26,Arizona Cardinals
Jacksonville Jaguars,2021,4,2021-09-30,Cincinnati Bengals
Jacksonville Jaguars,2021,5,2021-10-10,Tennessee Titans
Jacksonville Jaguars,2021,6,2021-10-17,Miami Dolphins
Jacksonville Jaguars,2021,8,2021-10-31,Seattle Seahawks
Jacksonville Jaguars,2021,9,2021-11-07,Buffalo Bills
Jacksonville Jaguars,2021,10,2021-11-14,Indianapolis Colts
Jacksonville Jaguars,2021,11,2021-11-21,San Francisco 49ers
Jacksonville Jaguars,2021,12,2021-11-28,Atlanta Falcons
Jacksonville Jaguars,2021,13,2021-12-05,Los Angeles Rams
Jacksonville Jaguars,2021,14,2021-12-12,Tennessee Titans
Jacksonville Jaguars,2021,15,2021-12-19,Houston Texans
Jacksonville Jaguars,2021,16,2021-12-26,New York Jets
Jacksonville Jaguars,2021,17,2022-01-02,New England Patriots
Jacksonville Jaguars,2021,18,2022-01-09,Indianapolis Colts
Jacksonville Jaguars,2022,1,2022-09-11,Washington Commanders
Jacksonville Jaguars,2022,2,2022-09-18,Indianapolis Colts
Jacksonville Jaguars,2022,3,2022-09-25,Los Angeles Chargers
Jacksonville Jaguars,2022,4,2022-10-02,Philadelphia Eagles
Jacksonville Jaguars,2022,5,2022-10-09,Houston Texans
Jacksonville Jaguars,2022,6,2022-10-16,Indianapolis Colts
Jacksonville Jaguars,2022,7,2022-10-23,New York Giants
Jacksonville Jaguars,2022,8,2022-10-30,Denver Broncos
Jacksonville Jaguars,2022,9,2022-11-06,Las Vegas Raiders
Jacksonville Jaguars,2022,10,2022-11-13,Kansas City Chiefs
Jacksonville Jaguars,2022,12,2022-11-27,Baltimore Ravens
Jacksonville Jaguars,2022,13,2022-12-04,Detroit Lions
Jacksonville Jaguars,2022,14,2022-12-11,Tennessee Titans
Jacksonville Jaguars,2022,15,2022-12-18,Dallas Cowboys
Jacksonville Jaguars,2022,16,2022-12-22,New York Jets
Jacksonville Jaguars,2022,17,2023-01-01,Houston Texans
Jacksonville Jaguars,2022,18,2023-01-07,Tennessee Titans
Jacksonville Jaguars,2022,19,2023-01-14,Los Angeles Chargers
Jacksonville Jaguars,2022,20,2023-01-21,Kansas City Chiefs
Jacksonville Jaguars,2023,1,2023-09-10,Indianapolis Colts
Jacksonville Jaguars,2023,2,2023-09-17,Kansas City Chiefs
Jacksonville Jaguars,2023,3,2023-09-24,Houston Texans
Jacksonville Jaguars,2023,4,2023-10-01,Atlanta Falcons
Jacksonville Jaguars,2023,5,2023-10-08,Buffalo Bills
Jacksonville Jaguars,2023,6,2023-10-15,Indianapolis Colts
Jacksonville Jaguars,2023,7,2023-10-19,New Orleans Saints
Jacksonville Jaguars,2023,8,2023-10-29,Pittsburgh Steelers
Jacksonville Jaguars,2023,10,2023-11-12,San Francisco 49ers
Jacksonville Jaguars,2023,11,2023-11-19,Tennessee Titans
Jacksonville Jaguars,2023,12,2023-11-26,Houston Texans
Jacksonville Jaguars,2023,13,2023-12-04,Cincinnati Bengals
Jacksonville Jaguars,2023,14,2023-12-10,Cleveland Browns
Jacksonville Jaguars,2023,15,2023-12-17,Baltimore Ravens
Jacksonville Jaguars,2023,16,2023-12-24,Tampa Bay Buccaneers
Jacksonville Jaguars,2023,17,2023-12-31,Carolina Panthers
Jacksonville Jaguars,2023,18,2024-01-07,Tennessee Titans
Jacksonville Jaguars,2024,1,2024-09-08,Miami Dolphins
Jacksonville Jaguars,2024,2,2024-09-15,Cleveland Browns
Jacksonville Jaguars,2024,3,2024-09-23,Buffalo Bills
Jacksonville Jaguars,2024,4,2024-09-29,Houston Texans
Jacksonville Jaguars,2024,5,2024-10-06,Indianapolis Colts
Jacksonville Jaguars,2024,6,2024-10-13,Chicago Bears
Jacksonville Jaguars,2024,7,2024-10-20,New England Patriots
Jacksonville Jaguars,2024,8,2024-10-27,Green Bay Packers
Jacksonville Jaguars,2024,9,2024-11-03,Philadelphia Eagles
Jacksonville Jaguars,2024,10,2024-11-10,Minnesota Vikings
Jacksonville Jaguars,2024,11,2024-11-17,Detroit Lions
Jacksonville Jaguars,2024,13,2024-12-01,Houston Texans
Jacksonville Jaguars,2024,14,2024-12-08,Tennessee Titans
Jacksonville Jaguars,2024,15,2024-12-15,New York Jets
Jacksonville Jaguars,2024,16,2024-12-22,Las Vegas Raiders
Jacksonville Jaguars,2024,17,2024-12-29,Tennessee Titans
Jacksonville Jaguars,2024,18,2025-01-05,Indianapolis Colts
