Team,Season,Week,Date,Opp
Kansas City Chiefs,1990,1,1990-09-09,Minnesota Vikings
Kansas City Chiefs,1990,2,1990-09-17,Denver Broncos
Kansas City Chiefs,1990,3,1990-09-23,Green Bay Packers
Kansas City Chiefs,1990,4,1990-09-30,Cleveland Browns
Kansas City Chiefs,1990,5,1990-10-07,Indianapolis Colts
Kansas City Chiefs,1990,6,1990-10-14,Detroit Lions
Kansas City Chiefs,1990,7,1990-10-21,Seattle Seahawks
Kansas City Chiefs,1990,9,1990-11-04,Los Angeles Raiders
Kansas City Chiefs,1990,10,1990-11-11,Seattle Seahawks
Kansas City Chiefs,1990,11,1990-11-18,San Diego Chargers
Kansas City Chiefs,1990,12,1990-11-25,Los Angeles Raiders
Kansas City Chiefs,1990,13,1990-12-02,New England Patriots
Kansas City Chiefs,1990,14,1990-12-09,Denver Broncos
Kansas City Chiefs,1990,15,1990-12-16,Houston Oilers
Kansas City Chiefs,1990,16,1990-12-23,San Diego Chargers
Kansas City Chiefs,1990,17,1990-12-29,Chicago Bears
Kansas City Chiefs,1990,18,1991-01-05,Miami Dolphins
Kansas City Chiefs,1991,1,1991-09-01,Atlanta Falcons
Kansas City Chiefs,1991,2,1991-09-08,New Orleans Saints
Kansas City Chiefs,1991,3,1991-09-16,Houston Oilers
Kansas City Chiefs,1991,4,1991-09-22,Seattle Seahawks
Kansas City Chiefs,1991,5,1991-09-29,San Diego Chargers
Kansas City Chiefs,1991,6,1991-10-07,Buffalo Bills
Kansas City Chiefs,1991,7,1991-10-13,Miami Dolphins
Kansas City Chiefs,1991,8,1991-10-20,Denver Broncos
Kansas City Chiefs,1991,9,1991-10-28,Los Angeles Raiders
Kansas City Chiefs,1991,11,1991-11-10,Los Angeles Rams
Kansas City Chiefs,1991,12,1991-11-17,Denver Broncos
Kansas City Chiefs,1991,13,1991-11-24,Cleveland Browns
Kansas City Chiefs,1991,14,1991-12-01,Seattle Seahawks
Kansas City Chiefs,1991,15,1991-12-08,San Diego Chargers
Kansas City Chiefs,1991,16,1991-12-14,San Francisco 49ers
Kansas City Chiefs,1991,17,1991-12-22,Los Angeles Raiders
Kansas City Chiefs,1991,18,1991-12-28,Los Angeles Raiders
Kansas City Chiefs,1991,19,1992-01-05,Buffalo Bills
Kansas City Chiefs,1992,1,1992-09-06,San Diego Chargers
Kansas City Chiefs,1992,2,1992-09-13,Seattle Seahawks
Kansas City Chiefs,1992,3,1992-09-20,Houston Oilers
Kansas City Chiefs,1992,4,1992-09-28,Los Angeles Raiders
Kansas City Chiefs,1992,5,1992-10-04,Denver Broncos
Kansas City Chiefs,1992,6,1992-10-11,Philadelphia Eagles
Kansas City Chiefs,1992,7,1992-10-18,Dallas Cowboys
Kansas City Chiefs,1992,8,1992-10-25,Pittsburgh Steelers
Kansas City Chiefs,1992,10,1992-11-08,San Diego Chargers
Kansas City Chiefs,1992,11,1992-11-15,Washington Redskins
Kansas City Chiefs,1992,12,1992-11-22,Seattle Seahawks
Kansas City Chiefs,1992,13,1992-11-29,New York Jets
Kansas City Chiefs,1992,14,1992-12-06,Los Angeles Raiders
Kansas City Chiefs,1992,15,1992-12-13,New England Patriots
Kansas City Chiefs,1992,16,1992-12-19,New York Giants
Kansas City Chiefs,1992,17,1992-12-27,Denver Broncos
Kansas City Chiefs,1992,18,1993-01-02,San Diego Chargers
Kansas City Chiefs,1993,1,1993-09-05,Tampa Bay Buccaneers
Kansas City Chiefs,1993,2,1993-09-12,Houston Oilers
Kansas City Chiefs,1993,3,1993-09-20,Denver Broncos
Kansas City Chiefs,1993,5,1993-10-03,Los Angeles Raiders
Kansas City Chiefs,1993,6,1993-10-10,Cincinnati Bengals
Kansas City Chiefs,1993,7,1993-10-17,San Diego Chargers
Kansas City Chiefs,1993,9,1993-10-31,Miami Dolphins
Kansas City Chiefs,1993,10,1993-11-08,Green Bay Packers
Kansas City Chiefs,1993,11,1993-11-14,Los Angeles Raiders
Kansas City Chiefs,1993,12,1993-11-21,Chicago Bears
Kansas City Chiefs,1993,13,1993-11-28,Buffalo Bills
Kansas City Chiefs,1993,14,1993-12-05,Seattle Seahawks
Kansas City Chiefs,1993,15,1993-12-12,Denver Broncos
Kansas City Chiefs,1993,16,1993-12-19,San Diego Chargers
Kansas City Chiefs,1993,17,1993-12-26,Minnesota Vikings
Kansas City Chiefs,1993,18,1994-01-02,Seattle Seahawks
Kansas City Chiefs,1993,19,1994-01-08,Pittsburgh Steelers
Kansas City Chiefs,1993,20,1994-01-16,Houston Oilers
Kansas City Chiefs,1993,21,1994-01-23,Buffalo Bills
Kansas City Chiefs,1994,1,1994-09-04,New Orleans Saints
Kansas City Chiefs,1994,2,1994-09-11,San Francisco 49ers
Kansas City Chiefs,1994,3,1994-09-18,Atlanta Falcons
Kansas City Chiefs,1994,4,1994-09-25,Los Angeles Rams
Kansas City Chiefs,1994,6,1994-10-09,San Diego Chargers
Kansas City Chiefs,1994,7,1994-10-17,Denver Broncos
Kansas City Chiefs,1994,8,1994-10-23,Seattle Seahawks
Kansas City Chiefs,1994,9,1994-10-30,Buffalo Bills
Kansas City Chiefs,1994,10,1994-11-06,Los Angeles Raiders
Kansas City Chiefs,1994,11,1994-11-13,San Diego Chargers
Kansas City Chiefs,1994,12,1994-11-20,Cleveland Browns
Kansas City Chiefs,1994,13,1994-11-27,Seattle Seahawks
Kansas City Chiefs,1994,14,1994-12-04,Denver Broncos
Kansas City Chiefs,1994,15,1994-12-12,Miami Dolphins
Kansas City Chiefs,1994,16,1994-12-18,Houston Oilers
Kansas City Chiefs,1994,17,1994-12-24,Los Angeles Raiders
Kansas City Chiefs,1994,18,1994-12-31,Miami Dolphins
Kansas City Chiefs,1995,1,1995-09-03,Seattle Seahawks
Kansas City Chiefs,1995,2,1995-09-10,New York Giants
Kansas City Chiefs,1995,3,1995-09-17,Oakland Raiders
Kansas City Chiefs,1995,4,1995-09-24,Cleveland Browns
Kansas City Chiefs,1995,5,1995-10-01,Arizona Cardinals
Kansas City Chiefs,1995,6,1995-10-09,San Diego Chargers
Kansas City Chiefs,1995,7,1995-10-15,New England Patriots
Kansas City Chiefs,1995,8,1995-10-22,Denver Broncos
Kansas City Chiefs,1995,10,1995-11-05,Washington Redskins
Kansas City Chiefs,1995,11,1995-11-12,San Diego Chargers
Kansas City Chiefs,1995,12,1995-11-19,Houston Oilers
Kansas City Chiefs,1995,13,1995-11-23,Dallas Cowboys
Kansas City Chiefs,1995,14,1995-12-03,Oakland Raiders
Kansas City Chiefs,1995,15,1995-12-11,Miami Dolphins
Kansas City Chiefs,1995,16,1995-12-17,Denver Broncos
Kansas City Chiefs,1995,17,1995-12-24,Seattle Seahawks
Kansas City Chiefs,1995,18,1996-01-07,Indianapolis Colts
Kansas City Chiefs,1996,1,1996-09-01,Houston Oilers
Kansas City Chiefs,1996,2,1996-09-08,Oakland Raiders
Kansas City Chiefs,1996,3,1996-09-15,Seattle Seahawks
Kansas City Chiefs,1996,4,1996-09-22,Denver Broncos
Kansas City Chiefs,1996,5,1996-09-29,San Diego Chargers
Kansas City Chiefs,1996,6,1996-10-07,Pittsburgh Steelers
Kansas City Chiefs,1996,8,1996-10-17,Seattle Seahawks
Kansas City Chiefs,1996,9,1996-10-27,Denver Broncos
Kansas City Chiefs,1996,10,1996-11-03,Minnesota Vikings
Kansas City Chiefs,1996,11,1996-11-10,Green Bay Packers
Kansas City Chiefs,1996,12,1996-11-17,Chicago Bears
Kansas City Chiefs,1996,13,1996-11-24,San Diego Chargers
Kansas City Chiefs,1996,14,1996-11-28,Detroit Lions
Kansas City Chiefs,1996,15,1996-12-09,Oakland Raiders
Kansas City Chiefs,1996,16,1996-12-15,Indianapolis Colts
Kansas City Chiefs,1996,17,1996-12-22,Buffalo Bills
Kansas City Chiefs,1997,1,1997-08-31,Denver Broncos
Kansas City Chiefs,1997,2,1997-09-08,Oakland Raiders
Kansas City Chiefs,1997,3,1997-09-14,Buffalo Bills
Kansas City Chiefs,1997,4,1997-09-21,Carolina Panthers
Kansas City Chiefs,1997,5,1997-09-28,Seattle Seahawks
Kansas City Chiefs,1997,6,1997-10-05,Miami Dolphins
Kansas City Chiefs,1997,8,1997-10-16,San Diego Chargers
Kansas City Chiefs,1997,9,1997-10-26,St. Louis Rams
Kansas City Chiefs,1997,10,1997-11-03,Pittsburgh Steelers
Kansas City Chiefs,1997,11,1997-11-09,Jacksonville Jaguars
Kansas City Chiefs,1997,12,1997-11-16,Denver Broncos
Kansas City Chiefs,1997,13,1997-11-23,Seattle Seahawks
Kansas City Chiefs,1997,14,1997-11-30,San Francisco 49ers
Kansas City Chiefs,1997,15,1997-12-07,Oakland Raiders
Kansas City Chiefs,1997,16,1997-12-14,San Diego Chargers
Kansas City Chiefs,1997,17,1997-12-21,New Orleans Saints
Kansas City Chiefs,1997,18,1998-01-04,Denver Broncos
Kansas City Chiefs,1998,1,1998-09-06,Oakland Raiders
Kansas City Chiefs,1998,2,1998-09-13,Jacksonville Jaguars
Kansas City Chiefs,1998,3,1998-09-20,San Diego Chargers
Kansas City Chiefs,1998,4,1998-09-27,Philadelphia Eagles
Kansas City Chiefs,1998,5,1998-10-04,Seattle Seahawks
Kansas City Chiefs,1998,6,1998-10-11,New England Patriots
Kansas City Chiefs,1998,8,1998-10-26,Pittsburgh Steelers
Kansas City Chiefs,1998,9,1998-11-01,New York Jets
Kansas City Chiefs,1998,10,1998-11-08,Seattle Seahawks
Kansas City Chiefs,1998,11,1998-11-16,Denver Broncos
Kansas City Chiefs,1998,12,1998-11-22,San Diego Chargers
Kansas City Chiefs,1998,13,1998-11-29,Arizona Cardinals
Kansas City Chiefs,1998,14,1998-12-06,Denver Broncos
Kansas City Chiefs,1998,15,1998-12-13,Dallas Cowboys
Kansas City Chiefs,1998,16,1998-12-20,New York Giants
Kansas City Chiefs,1998,17,1998-12-26,Oakland Raiders
Kansas City Chiefs,1999,1,1999-09-12,Chicago Bears
Kansas City Chiefs,1999,2,1999-09-19,Denver Broncos
Kansas City Chiefs,1999,3,1999-09-26,Detroit Lions
Kansas City Chiefs,1999,4,1999-10-03,San Diego Chargers
Kansas City Chiefs,1999,5,1999-10-10,New England Patriots
Kansas City Chiefs,1999,7,1999-10-21,Baltimore Ravens
Kansas City Chiefs,1999,8,1999-10-31,San Diego Chargers
Kansas City Chiefs,1999,9,1999-11-07,Indianapolis Colts
Kansas City Chiefs,1999,10,1999-11-14,Tampa Bay Buccaneers
Kansas City Chiefs,1999,11,1999-11-21,Seattle Seahawks
Kansas City Chiefs,1999,12,1999-11-28,Oakland Raiders
Kansas City Chiefs,1999,13,1999-12-05,Denver Broncos
Kansas City Chiefs,1999,14,1999-12-12,Minnesota Vikings
Kansas City Chiefs,1999,15,1999-12-18,Pittsburgh Steelers
Kansas City Chiefs,1999,16,1999-12-26,Seattle Seahawks
Kansas City Chiefs,1999,17,2000-01-02,Oakland Raiders
Kansas City Chiefs,2000,1,2000-09-03,Indianapolis Colts
Kansas City Chiefs,2000,2,2000-09-10,Tennessee Titans
Kansas City Chiefs,2000,3,2000-09-17,San Diego Chargers
Kansas City Chiefs,2000,4,2000-09-24,Denver Broncos
Kansas City Chiefs,2000,5,2000-10-02,Seattle Seahawks
Kansas City Chiefs,2000,7,2000-10-15,Oakland Raiders
Kansas City Chiefs,2000,8,2000-10-22,St. Louis Rams
Kansas City Chiefs,2000,9,2000-10-29,Seattle Seahawks
Kansas City Chiefs,2000,10,2000-11-05,Oakland Raiders
Kansas City Chiefs,2000,11,2000-11-12,San Francisco 49ers
Kansas City Chiefs,2000,12,2000-11-19,Buffalo Bills
Kansas City Chiefs,2000,13,2000-11-26,San Diego Chargers
Kansas City Chiefs,2000,14,2000-12-04,New England Patriots
Kansas City Chiefs,2000,15,2000-12-10,Carolina Panthers
Kansas City Chiefs,2000,16,2000-12-17,Denver Broncos
Kansas City Chiefs,2000,17,2000-12-24,Atlanta Falcons
Kansas City Chiefs,2001,1,2001-09-09,Oakland Raiders
Kansas City Chiefs,2001,2,2001-09-23,New York Giants
Kansas City Chiefs,2001,3,2001-09-30,Washington Redskins
Kansas City Chiefs,2001,4,2001-10-07,Denver Broncos
Kansas City Chiefs,2001,5,2001-10-14,Pittsburgh Steelers
Kansas City Chiefs,2001,6,2001-10-21,Arizona Cardinals
Kansas City Chiefs,2001,7,2001-10-25,Indianapolis Colts
Kansas City Chiefs,2001,8,2001-11-04,San Diego Chargers
Kansas City Chiefs,2001,9,2001-11-11,New York Jets
Kansas City Chiefs,2001,11,2001-11-25,Seattle Seahawks
Kansas City Chiefs,2001,12,2001-11-29,Philadelphia Eagles
Kansas City Chiefs,2001,13,2001-12-09,Oakland Raiders
Kansas City Chiefs,2001,14,2001-12-16,Denver Broncos
Kansas City Chiefs,2001,15,2001-12-23,San Diego Chargers
Kansas City Chiefs,2001,16,2001-12-30,Jacksonville Jaguars
Kansas City Chiefs,2001,17,2002-01-06,Seattle Seahawks
Kansas City Chiefs,2002,1,2002-09-08,Cleveland Browns
Kansas City Chiefs,2002,2,2002-09-15,Jacksonville Jaguars
Kansas City Chiefs,2002,3,2002-09-22,New England Patriots
Kansas City Chiefs,2002,4,2002-09-29,Miami Dolphins
Kansas City Chiefs,2002,5,2002-10-06,New York Jets
Kansas City Chiefs,2002,6,2002-10-13,San Diego Chargers
Kansas City Chiefs,2002,7,2002-10-20,Denver Broncos
Kansas City Chiefs,2002,8,2002-10-27,Oakland Raiders
Kansas City Chiefs,2002,10,2002-11-10,San Francisco 49ers
Kansas City Chiefs,2002,11,2002-11-17,Buffalo Bills
Kansas City Chiefs,2002,12,2002-11-24,Seattle Seahawks
Kansas City Chiefs,2002,13,2002-12-01,Arizona Cardinals
Kansas City Chiefs,2002,14,2002-12-08,St. Louis Rams
Kansas City Chiefs,2002,15,2002-12-15,Denver Broncos
Kansas City Chiefs,2002,16,2002-12-22,San Diego Chargers
Kansas City Chiefs,2002,17,2002-12-28,Oakland Raiders
Kansas City Chiefs,2003,1,2003-09-07,San Diego Chargers
Kansas City Chiefs,2003,2,2003-09-14,Pittsburgh Steelers
Kansas City Chiefs,2003,3,2003-09-21,Houston Texans
Kansas City Chiefs,2003,4,2003-09-28,Baltimore Ravens
Kansas City Chiefs,2003,5,2003-10-05,Denver Broncos
Kansas City Chiefs,2003,6,2003-10-12,Green Bay Packers
Kansas City Chiefs,2003,7,2003-10-20,Oakland Raiders
Kansas City Chiefs,2003,8,2003-10-26,Buffalo Bills
Kansas City Chiefs,2003,10,2003-11-09,Cleveland Browns
Kansas City Chiefs,2003,11,2003-11-16,Cincinnati Bengals
Kansas City Chiefs,2003,12,2003-11-23,Oakland Raiders
Kansas City Chiefs,2003,13,2003-11-30,San Diego Chargers
Kansas City Chiefs,2003,14,2003-12-07,Denver Broncos
Kansas City Chiefs,2003,15,2003-12-14,Detroit Lions
Kansas City Chiefs,2003,16,2003-12-20,Minnesota Vikings
Kansas City Chiefs,2003,17,2003-12-28,Chicago Bears
Kansas City Chiefs,2003,18,2004-01-11,Indianapolis Colts
Kansas City Chiefs,2004,1,2004-09-12,Denver Broncos
Kansas City Chiefs,2004,2,2004-09-19,Carolina Panthers
Kansas City Chiefs,2004,3,2004-09-26,Houston Texans
Kansas City Chiefs,2004,4,2004-10-04,Baltimore Ravens
Kansas City Chiefs,2004,6,2004-10-17,Jacksonville Jaguars
Kansas City Chiefs,2004,7,2004-10-24,Atlanta Falcons
Kansas City Chiefs,2004,8,2004-10-31,Indianapolis Colts
Kansas City Chiefs,2004,9,2004-11-07,Tampa Bay Buccaneers
Kansas City Chiefs,2004,10,2004-11-14,New Orleans Saints
Kansas City Chiefs,2004,11,2004-11-22,New England Patriots
Kansas City Chiefs,2004,12,2004-11-28,San Diego Chargers
Kansas City Chiefs,2004,13,2004-12-05,Oakland Raiders
Kansas City Chiefs,2004,14,2004-12-13,Tennessee Titans
Kansas City Chiefs,2004,15,2004-12-19,Denver Broncos
Kansas City Chiefs,2004,16,2004-12-25,Oakland Raiders
Kansas City Chiefs,2004,17,2005-01-02,San Diego Chargers
Kansas City Chiefs,2005,1,2005-09-11,New York Jets
Kansas City Chiefs,2005,2,2005-09-18,Oakland Raiders
Kansas City Chiefs,2005,3,2005-09-26,Denver Broncos
Kansas City Chiefs,2005,4,2005-10-02,Philadelphia Eagles
Kansas City Chiefs,2005,6,2005-10-16,Washington Redskins
Kansas City Chiefs,2005,7,2005-10-21,Miami Dolphins
Kansas City Chiefs,2005,8,2005-10-30,San Diego Chargers
Kansas City Chiefs,2005,9,2005-11-06,Oakland Raiders
Kansas City Chiefs,2005,10,2005-11-13,Buffalo Bills
Kansas City Chiefs,2005,11,2005-11-20,Houston Texans
Kansas City Chiefs,2005,12,2005-11-27,New England Patriots
Kansas City Chiefs,2005,13,2005-12-04,Denver Broncos
Kansas City Chiefs,2005,14,2005-12-11,Dallas Cowboys
Kansas City Chiefs,2005,15,2005-12-17,New York Giants
Kansas City Chiefs,2005,16,2005-12-24,San Diego Chargers
Kansas City Chiefs,2005,17,2006-01-01,Cincinnati Bengals
Kansas City Chiefs,2006,1,2006-09-10,Cincinnati Bengals
Kansas City Chiefs,2006,2,2006-09-17,Denver Broncos
Kansas City Chiefs,2006,4,2006-10-01,San Francisco 49ers
Kansas City Chiefs,2006,5,2006-10-08,Arizona Cardinals
Kansas City Chiefs,2006,6,2006-10-15,Pittsburgh Steelers
Kansas City Chiefs,2006,7,2006-10-22,San Diego Chargers
Kansas City Chiefs,2006,8,2006-10-29,Seattle Seahawks
Kansas City Chiefs,2006,9,2006-11-05,St. Louis Rams
Kansas City Chiefs,2006,10,2006-11-12,Miami Dolphins
Kansas City Chiefs,2006,11,2006-11-19,Oakland Raiders
Kansas City Chiefs,2006,12,2006-11-23,Denver Broncos
Kansas City Chiefs,2006,13,2006-12-03,Cleveland Browns
Kansas City Chiefs,2006,14,2006-12-10,Baltimore Ravens
Kansas City Chiefs,2006,15,2006-12-17,San Diego Chargers
Kansas City Chiefs,2006,16,2006-12-23,Oakland Raiders
Kansas City Chiefs,2006,17,2006-12-31,Jacksonville Jaguars
Kansas City Chiefs,2006,18,2007-01-06,Indianapolis Colts
Kansas City Chiefs,2007,1,2007-09-09,Houston Texans
Kansas City Chiefs,2007,2,2007-09-16,Chicago Bears
Kansas City Chiefs,2007,3,2007-09-23,Minnesota Vikings
Kansas City Chiefs,2007,4,2007-09-30,San Diego Chargers
Kansas City Chiefs,2007,5,2007-10-07,Jacksonville Jaguars
Kansas City Chiefs,2007,6,2007-10-14,Cincinnati Bengals
Kansas City Chiefs,2007,7,2007-10-21,Oakland Raiders
Kansas City Chiefs,2007,9,2007-11-04,Green Bay Packers
Kansas City Chiefs,2007,10,2007-11-11,Denver Broncos
Kansas City Chiefs,2007,11,2007-11-18,Indianapolis Colts
Kansas City Chiefs,2007,12,2007-11-25,Oakland Raiders
Kansas City Chiefs,2007,13,2007-12-02,San Diego Chargers
Kansas City Chiefs,2007,14,2007-12-09,Denver Broncos
Kansas City Chiefs,2007,15,2007-12-16,Tennessee Titans
Kansas City Chiefs,2007,16,2007-12-23,Detroit Lions
Kansas City Chiefs,2007,17,2007-12-30,New York Jets
Kansas City Chiefs,2008,1,2008-09-07,New England Patriots
Kansas City Chiefs,2008,2,2008-09-14,Oakland Raiders
Kansas City Chiefs,2008,3,2008-09-21,Atlanta Falcons
Kansas City Chiefs,2008,4,2008-09-28,Denver Broncos
Kansas City Chiefs,2008,5,2008-10-05,Carolina Panthers
Kansas City Chiefs,2008,7,2008-10-19,Tennessee Titans
Kansas City Chiefs,2008,8,2008-10-26,New York Jets
Kansas City Chiefs,2008,9,2008-11-02,Tampa Bay Buccaneers
Kansas City Chiefs,2008,10,2008-11-09,San Diego Chargers
Kansas City Chiefs,2008,11,2008-11-16,New Orleans Saints
Kansas City Chiefs,2008,12,2008-11-23,Buffalo Bills
Kansas City Chiefs,2008,13,2008-11-30,Oakland Raiders
Kansas City Chiefs,2008,14,2008-12-07,Denver Broncos
Kansas City Chiefs,2008,15,2008-12-14,San Diego Chargers
Kansas City Chiefs,2008,16,2008-12-21,Miami Dolphins
Kansas City Chiefs,2008,17,2008-12-28,Cincinnati Bengals
Kansas City Chiefs,2009,1,2009-09-13,Baltimore Ravens
Kansas City Chiefs,2009,2,2009-09-20,Oakland Raiders
Kansas City Chiefs,2009,3,2009-09-27,Philadelphia Eagles
Kansas City Chiefs,2009,4,2009-10-04,New York Giants
Kansas City Chiefs,2009,5,2009-10-11,Dallas Cowboys
Kansas City Chiefs,2009,6,2009-10-18,Washington Redskins
Kansas City Chiefs,2009,7,2009-10-25,San Diego Chargers
Kansas City Chiefs,2009,9,2009-11-08,Jacksonville Jaguars
Kansas City Chiefs,2009,10,2009-11-15,Oakland Raiders
Kansas City Chiefs,2009,11,2009-11-22,Pittsburgh Steelers
Kansas City Chiefs,2009,12,2009-11-29,San Diego Chargers
Kansas City Chiefs,2009,13,2009-12-06,Denver Broncos
Kansas City Chiefs,2009,14,2009-12-13,Buffalo Bills
Kansas City Chiefs,2009,15,2009-12-20,Cleveland Browns
Kansas City Chiefs,2009,16,2009-12-27,Cincinnati Bengals
Kansas City Chiefs,2009,17,2010-01-03,Denver Broncos
Kansas City Chiefs,2010,1,2010-09-13,San Diego Chargers
Kansas City Chiefs,2010,2,2010-09-19,Cleveland Browns
Kansas City Chiefs,2010,3,2010-09-26,San Francisco 49ers
Kansas City Chiefs,2010,5,2010-10-10,Indianapolis Colts
Kansas City Chiefs,2010,6,2010-10-17,Houston Texans
Kansas City Chiefs,2010,7,2010-10-24,Jacksonville Jaguars
Kansas City Chiefs,2010,8,2010-10-31,Buffalo Bills
Kansas City Chiefs,2010,9,2010-11-07,Oakland Raiders
Kansas City Chiefs,2010,10,2010-11-14,Denver Broncos
Kansas City Chiefs,2010,11,2010-11-21,Arizona Cardinals
Kansas City Chiefs,2010,12,2010-11-28,Seattle Seahawks
Kansas City Chiefs,2010,13,2010-12-05,Denver Broncos
Kansas City Chiefs,2010,14,2010-12-12,San Diego Chargers
Kansas City Chiefs,2010,15,2010-12-19,St. Louis Rams
Kansas City Chiefs,2010,16,2010-12-26,Tennessee Titans
Kansas City Chiefs,2010,17,2011-01-02,Oakland Raiders
Kansas City Chiefs,2010,18,2011-01-09,Baltimore Ravens
Kansas City Chiefs,2011,1,2011-09-11,Buffalo Bills
Kansas City Chiefs,2011,2,2011-09-18,Detroit Lions
Kansas City Chiefs,2011,3,2011-09-25,San Diego Chargers
Kansas City Chiefs,2011,4,2011-10-02,Minnesota Vikings
Kansas City Chiefs,2011,5,2011-10-09,Indianapolis Colts
Kansas City Chiefs,2011,7,2011-10-23,Oakland Raiders
Kansas City Chiefs,2011,8,2011-10-31,San Diego Chargers
Kansas City Chiefs,2011,9,2011-11-06,Miami Dolphins
Kansas City Chiefs,2011,10,2011-11-13,Denver Broncos
Kansas City Chiefs,2011,11,2011-11-21,New England Patriots
Kansas City Chiefs,2011,12,2011-11-27,Pittsburgh Steelers
Kansas City Chiefs,2011,13,2011-12-04,Chicago Bears
Kansas City Chiefs,2011,14,2011-12-11,New York Jets
Kansas City Chiefs,2011,15,2011-12-18,Green Bay Packers
Kansas City Chiefs,2011,16,2011-12-24,Oakland Raiders
Kansas City Chiefs,2011,17,2012-01-01,Denver Broncos
Kansas City Chiefs,2012,1,2012-09-09,Atlanta Falcons
Kansas City Chiefs,2012,2,2012-09-16,Buffalo Bills
Kansas City Chiefs,2012,3,2012-09-23,New Orleans Saints
Kansas City Chiefs,2012,4,2012-09-30,San Diego Chargers
Kansas City Chiefs,2012,5,2012-10-07,Baltimore Ravens
Kansas City Chiefs,2012,6,2012-10-14,Tampa Bay Buccaneers
Kansas City Chiefs,2012,8,2012-10-28,Oakland Raiders
Kansas City Chiefs,2012,9,2012-11-01,San Diego Chargers
Kansas City Chiefs,2012,10,2012-11-12,Pittsburgh Steelers
Kansas City Chiefs,2012,11,2012-11-18,Cincinnati Bengals
Kansas City Chiefs,2012,12,2012-11-25,Denver Broncos
Kansas City Chiefs,2012,13,2012-12-02,Carolina Panthers
Kansas City Chiefs,2012,14,2012-12-09,Cleveland Browns
Kansas City Chiefs,2012,15,2012-12-16,Oakland Raiders
Kansas City Chiefs,2012,16,2012-12-23,Indianapolis Colts
Kansas City Chiefs,2012,17,2012-12-30,Denver Broncos
Kansas City Chiefs,2013,1,2013-09-08,Jacksonville Jaguars
Kansas City Chiefs,2013,2,2013-09-15,Dallas Cowboys
Kansas City Chiefs,2013,3,2013-09-19,Philadelphia Eagles
Kansas City Chiefs,2013,4,2013-09-29,New York Giants
Kansas City Chiefs,2013,5,2013-10-06,Tennessee Titans
Kansas City Chiefs,2013,6,2013-10-13,Oakland Raiders
Kansas City Chiefs,2013,7,2013-10-20,Houston Texans
Kansas City Chiefs,2013,8,2013-10-27,Cleveland Browns
Kansas City Chiefs,2013,9,2013-11-03,Buffalo Bills
Kansas City Chiefs,2013,11,2013-11-17,Denver Broncos
Kansas City Chiefs,2013,12,2013-11-24,San Diego Chargers
Kansas City Chiefs,2013,13,2013-12-01,Denver Broncos
Kansas City Chiefs,2013,14,2013-12-08,Washington Redskins
Kansas City Chiefs,2013,15,2013-12-15,Oakland Raiders
Kansas City Chiefs,2013,16,2013-12-22,Indianapolis Colts
Kansas City Chiefs,2013,17,2013-12-29,San Diego Chargers
Kansas City Chiefs,2013,18,2014-01-04,Indianapolis Colts
Kansas City Chiefs,2014,1,2014-09-07,Tennessee Titans
Kansas City Chiefs,2014,2,2014-09-14,Denver Broncos
Kansas City Chiefs,2014,3,2014-09-21,Miami Dolphins
Kansas City Chiefs,2014,4,2014-09-29,New England Patriots
Kansas City Chiefs,2014,5,2014-10-05,San Francisco 49ers
Kansas City Chiefs,2014,7,2014-10-19,San Diego Chargers
Kansas City Chiefs,2014,8,2014-10-26,St. Louis Rams
Kansas City Chiefs,2014,9,2014-11-02,New York Jets
Kansas City Chiefs,2014,10,2014-11-09,Buffalo Bills
Kansas City Chiefs,2014,11,2014-11-16,Seattle Seahawks
Kansas City Chiefs,2014,12,2014-11-20,Oakland Raiders
Kansas City Chiefs,2014,13,2014-11-30,Denver Broncos
Kansas City Chiefs,2014,14,2014-12-07,Arizona Cardinals
Kansas City Chiefs,2014,15,2014-12-14,Oakland Raiders
Kansas City Chiefs,2014,16,2014-12-21,Pittsburgh Steelers
Kansas City Chiefs,2014,17,2014-12-28,San Diego Chargers
Kansas City Chiefs,2015,1,2015-09-13,Houston Texans
Kansas City Chiefs,2015,2,2015-09-17,Denver Broncos
Kansas City Chiefs,2015,3,2015-09-28,Green Bay Packers
Kansas City Chiefs,2015,4,2015-10-04,Cincinnati Bengals
Kansas City Chiefs,2015,5,2015-10-11,Chicago Bears
Kansas City Chiefs,2015,6,2015-10-18,Minnesota Vikings
Kansas City Chiefs,2015,7,2015-10-25,Pittsburgh Steelers
Kansas City Chiefs,2015,8,2015-11-01,Detroit Lions
Kansas City Chiefs,2015,10,2015-11-15,Denver Broncos
Kansas City Chiefs,2015,11,2015-11-22,San Diego Chargers
Kansas City Chiefs,2015,12,2015-11-29,Buffalo Bills
Kansas City Chiefs,2015,13,2015-12-06,Oakland Raiders
Kansas City Chiefs,2015,14,2015-12-13,San Diego Chargers
Kansas City Chiefs,2015,15,2015-12-20,Baltimore Ravens
Kansas City Chiefs,2015,16,2015-12-27,Cleveland Browns
Kansas City Chiefs,2015,17,2016-01-03,Oakland Raiders
Kansas City Chiefs,2015,18,2016-01-09,Houston Texans
Kansas City Chiefs,2015,19,2016-01-16,New England Patriots
Kansas City Chiefs,2016,1,2016-09-11,San Diego Chargers
Kansas City Chiefs,2016,2,2016-09-18,Houston Texans
Kansas City Chiefs,2016,3,2016-09-25,New York Jets
Kansas City Chiefs,2016,4,2016-10-02,Pittsburgh Steelers
Kansas City Chiefs,2016,6,2016-10-16,Oakland Raiders
Kansas City Chiefs,2016,7,2016-10-23,New Orleans Saints
Kansas City Chiefs,2016,8,2016-10-30,Indianapolis Colts
Kansas City Chiefs,2016,9,2016-11-06,Jacksonville Jaguars
Kansas City Chiefs,2016,10,2016-11-13,Carolina Panthers
Kansas City Chiefs,2016,11,2016-11-20,Tampa Bay Buccaneers
Kansas City Chiefs,2016,12,2016-11-27,Denver Broncos
Kansas City Chiefs,2016,13,2016-12-04,Atlanta Falcons
Kansas City Chiefs,2016,14,2016-12-08,Oakland Raiders
Kansas City Chiefs,2016,15,2016-12-18,Tennessee Titans
Kansas City Chiefs,2016,16,2016-12-25,Denver Broncos
Kansas City Chiefs,2016,17,2017-01-01,San Diego Chargers
Kansas City Chiefs,2016,18,2017-01-15,Pittsburgh Steelers
Kansas City Chiefs,2017,1,2017-09-07,New England Patriots
Kansas City Chiefs,2017,2,2017-09-17,Philadelphia Eagles
Kansas City Chiefs,2017,3,2017-09-24,Los Angeles Chargers
Kansas City Chiefs,2017,4,2017-10-02,Washington Redskins
Kansas City Chiefs,2017,5,2017-10-08,Houston Texans
Kansas City Chiefs,2017,6,2017-10-15,Pittsburgh Steelers
Kansas City Chiefs,2017,7,2017-10-19,Oakland Raiders
Kansas City Chiefs,2017,8,2017-10-30,Denver Broncos
Kansas City Chiefs,2017,9,2017-11-05,Dallas Cowboys
Kansas City Chiefs,2017,11,2017-11-19,New York Giants
Kansas City Chiefs,2017,12,2017-11-26,Buffalo Bills
Kansas City Chiefs,2017,13,2017-12-03,New York Jets
Kansas City Chiefs,2017,14,2017-12-10,Oakland Raiders
Kansas City Chiefs,2017,15,2017-12-16,Los Angeles Chargers
Kansas City Chiefs,2017,16,2017-12-24,Miami Dolphins
Kansas City Chiefs,2017,17,2017-12-31,Denver Broncos
Kansas City Chiefs,2017,18,2018-01-06,Tennessee Titans
Kansas City Chiefs,2018,1,2018-09-09,Los Angeles Chargers
Kansas City Chiefs,2018,2,2018-09-16,Pittsburgh Steelers
Kansas City Chiefs,2018,3,2018-09-23,San Francisco 49ers
Kansas City Chiefs,2018,4,2018-10-01,Denver Broncos
Kansas City Chiefs,2018,5,2018-10-07,Jacksonville Jaguars
Kansas City Chiefs,2018,6,2018-10-14,New England Patriots
Kansas City Chiefs,2018,7,2018-10-21,Cincinnati Bengals
Kansas City Chiefs,2018,8,2018-10-28,Denver Broncos
Kansas City Chiefs,2018,9,2018-11-04,Cleveland Browns
Kansas City Chiefs,2018,10,2018-11-11,Arizona Cardinals
Kansas City Chiefs,2018,11,2018-11-19,Los Angeles Rams
Kansas City Chiefs,2018,13,2018-12-02,Oakland Raiders
Kansas City Chiefs,2018,14,2018-12-09,Baltimore Ravens
Kansas City Chiefs,2018,15,2018-12-13,Los Angeles Chargers
Kansas City Chiefs,2018,16,2018-12-23,Seattle Seahawks
Kansas City Chiefs,2018,17,2018-12-30,Oakland Raiders
Kansas City Chiefs,2018,18,2019-01-12,Indianapolis Colts
Kansas City Chiefs,2018,19,2019-01-20,New England Patriots
Kansas City Chiefs,2019,1,2019-09-08,Jacksonville Jaguars
Kansas City Chiefs,2019,2,2019-09-15,Oakland Raiders
Kansas City Chiefs,2019,3,2019-09-22,Baltimore Ravens
Kansas City Chiefs,2019,4,2019-09-29,Detroit Lions
Kansas City Chiefs,2019,5,2019-10-06,Indianapolis Colts
Kansas City Chiefs,2019,6,2019-10-13,Houston Texans
Kansas City Chiefs,2019,7,2019-10-17,Denver Broncos
Kansas City Chiefs,2019,8,2019-10-27,Green Bay Packers
Kansas City Chiefs,2019,9,2019-11-03,Minnesota Vikings
Kansas City Chiefs,2019,10,2019-11-10,Tennessee Titans
Kansas City Chiefs,2019,11,2019-11-18,Los Angeles Chargers
Kansas City Chiefs,2019,13,2019-12-01,Oakland Raiders
Kansas City Chiefs,2019,14,2019-12-08,New England Patriots
Kansas City Chiefs,2019,15,2019-12-15,Denver Broncos
Kansas City Chiefs,2019,16,2019-12-22,Chicago Bears
Kansas City Chiefs,2019,17,2019-12-29,Los Angeles Chargers
Kansas City Chiefs,2019,18,2020-01-12,Houston Texans
Kansas City Chiefs,2019,19,2020-01-19,Tennessee Titans
Kansas City Chiefs,2019,20,2020-02-02,San Francisco 49ers
Kansas City Chiefs,2020,1,2020-09-10,Houston Texans
Kansas City Chiefs,2020,2,2020-09-20,Los Angeles Chargers
Kansas City Chiefs,2020,3,2020-09-28,Baltimore Ravens
Kansas City Chiefs,2020,4,2020-10-05,New England Patriots
Kansas City Chiefs,2020,5,2020-10-11,Las Vegas Raiders
Kansas City Chiefs,2020,6,2020-10-19,Buffalo Bills
Kansas City Chiefs,2020,7,2020-10-25,Denver Broncos
Kansas City Chiefs,2020,8,2020-11-01,New York Jets
Kansas City Chiefs,2020,9,2020-11-08,Carolina Panthers
Kansas City Chiefs,2020,11,2020-11-22,Las Vegas Raiders
Kansas City Chiefs,2020,12,2020-11-29,Tampa Bay Buccaneers
Kansas City Chiefs,2020,13,2020-12-06,Denver Broncos
Kansas City Chiefs,2020,14,2020-12-13,Miami Dolphins
Kansas City Chiefs,2020,15,2020-12-20,New Orleans Saints
Kansas City Chiefs,2020,16,2020-12-27,Atlanta Falcons
Kansas City Chiefs,2020,17,2021-01-03,Los Angeles Chargers
Kansas City Chiefs,2020,18,2021-01-17,Cleveland Browns
Kansas City Chiefs,2020,19,2021-01-24,Buffalo Bills
Kansas City Chiefs,2020,20,2021-02-07,Tampa Bay Buccaneers
Kansas City Chiefs,2021,1,2021-09-12,Cleveland Browns
Kansas City Chiefs,2021,2,2021-09-19,Baltimore Ravens
Kansas City Chiefs,2021,3,2021-09-26,Los Angeles Chargers
Kansas City Chiefs,2021,4,2021-10-03,Philadelphia Eagles
Kansas City Chiefs,2021,5,2021-10-10,Buffalo Bills
Kansas City Chiefs,2021,6,2021-10-17,Washington Football Team
Kansas City Chiefs,2021,7,2021-10-24,Tennessee Titans
Kansas City Chiefs,2021,8,2021-11-01,New York Giants
Kansas City Chiefs,2021,9,2021-11-07,Green Bay Packers
Kansas City Chiefs,2021,10,2021-11-14,Las Vegas Raiders
Kansas City Chiefs,2021,11,2021-11-21,Dallas Cowboys
Kansas City Chiefs,2021,13,2021-12-05,Denver Broncos
Kansas City Chiefs,2021,14,2021-12-12,Las Vegas Raiders
Kansas City Chiefs,2021,15,2021-12-16,Los Angeles Chargers
Kansas City Chiefs,2021,16,2021-12-26,Pittsburgh Steelers
Kansas City Chiefs,2021,17,2022-01-02,Cincinnati Bengals
Kansas City Chiefs,2021,18,2022-01-08,Denver Broncos
Kansas City Chiefs,2021,19,2022-01-16,Pittsburgh Steelers
Kansas City Chiefs,2021,20,2022-01-23,Buffalo Bills
Kansas City Chiefs,2021,21,2022-01-30,Cincinnati Bengals
Kansas City Chiefs,2022,1,2022-09-11,Arizona Cardinals
Kansas City Chiefs,2022,2,2022-09-15,Los Angeles Chargers
Kansas City Chiefs,2022,3,2022-09-25,Indianapolis Colts
Kansas City Chiefs,2022,4,2022-10-02,Tampa Bay Buccaneers
Kansas City Chiefs,2022,5,2022-10-10,Las Vegas Raiders
Kansas City Chiefs,2022,6,2022-10-16,Buffalo Bills
Kansas City Chiefs,2022,7,2022-10-23,San Francisco 49ers
Kansas City Chiefs,2022,9,2022-11-06,Tennessee Titans
Kansas City Chiefs,2022,10,2022-11-13,Jacksonville Jaguars
Kansas City Chiefs,2022,11,2022-11-20,Los Angeles Chargers
Kansas City Chiefs,2022,12,2022-11-27,Los Angeles Rams
Kansas City Chiefs,2022,13,2022-12-04,Cincinnati Bengals
Kansas City Chiefs,2022,14,2022-12-11,Denver Broncos
Kansas City Chiefs,2022,15,2022-12-18,Houston Texans
Kansas City Chiefs,2022,16,2022-12-24,Seattle Seahawks
Kansas City Chiefs,2022,17,2023-01-01,Denver Broncos
Kansas City Chiefs,2022,18,2023-01-07,Las Vegas Raiders
Kansas City Chiefs,2022,19,2023-01-21,Jacksonville Jaguars
Kansas City Chiefs,2022,20,2023-01-29,Cincinnati Bengals
Kansas City Chiefs,2022,21,2023-02-12,Philadelphia Eagles
Kansas City Chiefs,2023,1,2023-09-07,Detroit Lions
Kansas City Chiefs,2023,2,2023-09-17,Jacksonville Jaguars
Kansas City Chiefs,2023,3,2023-09-24,Chicago Bears
Kansas City Chiefs,2023,4,2023-10-01,New York Jets
Kansas City Chiefs,2023,5,2023-10-08,Minnesota Vikings
Kansas City Chiefs,2023,6,2023-10-12,Denver Broncos
Kansas City Chiefs,2023,7,2023-10-22,Los Angeles Chargers
Kansas City Chiefs,2023,8,2023-10-29,Denver Broncos
Kansas City Chiefs,2023,9,2023-11-05,Miami Dolphins
Kansas City Chiefs,2023,11,2023-11-20,Philadelphia Eagles
Kansas City Chiefs,2023,12,2023-11-26,Las Vegas Raiders
Kansas City Chiefs,2023,13,2023-12-03,Green Bay Packers
Kansas City Chiefs,2023,14,2023-12-10,Buffalo Bills
Kansas City Chiefs,2023,15,2023-12-17,New England Patriots
Kansas City Chiefs,2023,16,2023-12-25,Las Vegas Raiders
Kansas City Chiefs,2023,17,2023-12-31,Cincinnati Bengals
Kansas City Chiefs,2023,18,2024-01-07,Los Angeles Chargers
Kansas City Chiefs,2023,19,2024-01-13,Miami Dolphins
Kansas City Chiefs,2023,20,2024-01-21,Buffalo Bills
Kansas City Chiefs,2023,21,2024-01-28,Baltimore Ravens
Kansas City Chiefs,2023,22,2024-02-11,San Francisco 49ers
Kansas City Chiefs,2024,1,2024-09-05,Baltimore Ravens
Kansas City Chiefs,2024,2,2024-09-15,Cincinnati Bengals
Kansas City Chiefs,2024,3,2024-09-22,Atlanta Falcons
Kansas City Chiefs,2024,4,2024-09-29,Los Angeles Chargers
Kansas City Chiefs,2024,5,2024-10-07,New Orleans Saints
Kansas City Chiefs,2024,7,2024-10-20,San Francisco 49ers
Kansas City Chiefs,2024,8,2024-10-27,Las Vegas Raiders
Kansas City Chiefs,2024,9,2024-11-04,Tampa Bay Buccaneers
Kansas City Chiefs,2024,10,2024-11-10,Denver Broncos
Kansas City Chiefs,2024,11,2024-11-17,Buffalo Bills
Kansas City Chiefs,2024,12,2024-11-24,Carolina Panthers
Kansas City Chiefs,2024,13,2024-11-29,Las Vegas Raiders
Kansas City Chiefs,2024,14,2024-12-08,Los Angeles Chargers
Kansas City Chiefs,2024,15,2024-12-15,Cleveland Browns
Kansas City Chiefs,2024,16,2024-12-21,Houston Texans
Kansas City Chiefs,2024,17,2024-12-25,Pittsburgh Steelers
Kansas City Chiefs,2024,18,2025-01-05,Denver Broncos
Kansas City Chiefs,2024,19,2025-01-18,Houston Texans
Kansas City Chiefs,2024,20,2025-01-26,Buffalo Bills
Kansas City Chiefs,2024,21,2025-02-09,Philadelphia Eagles
