Team,Season,Week,Date,Opp
Los Angeles Raiders,1990,1,1990-09-09,Denver Broncos
Los Angeles Raiders,1990,2,1990-09-16,Seattle Seahawks
Los Angeles Raiders,1990,3,1990-09-23,Pittsburgh Steelers
Los Angeles Raiders,1990,4,1990-09-30,Chicago Bears
Los Angeles Raiders,1990,5,1990-10-07,Buffalo Bills
Los Angeles Raiders,1990,6,1990-10-14,Seattle Seahawks
Los Angeles Raiders,1990,7,1990-10-21,San Diego Chargers
Los Angeles Raiders,1990,9,1990-11-04,Kansas City Chiefs
Los Angeles Raiders,1990,10,1990-11-11,Green Bay Packers
Los Angeles Raiders,1990,11,1990-11-19,Miami Dolphins
Los Angeles Raiders,1990,12,1990-11-25,Kansas City Chiefs
Los Angeles Raiders,1990,13,1990-12-02,Denver Broncos
Los Angeles Raiders,1990,14,1990-12-10,Detroit Lions
Los Angeles Raiders,1990,15,1990-12-16,Cincinnati Bengals
Los Angeles Raiders,1990,16,1990-12-22,Minnesota Vikings
Los Angeles Raiders,1990,17,1990-12-30,San Diego Chargers
Los Angeles Raiders,1990,18,1991-01-13,Cincinnati Bengals
Los Angeles Raiders,1990,19,1991-01-20,Buffalo Bills
Los Angeles Raiders,1991,1,1991-09-01,Houston Oilers
Los Angeles Raiders,1991,2,1991-09-08,Denver Broncos
Los Angeles Raiders,1991,3,1991-09-15,Indianapolis Colts
Los Angeles Raiders,1991,4,1991-09-22,Atlanta Falcons
Los Angeles Raiders,1991,5,1991-09-29,San Francisco 49ers
Los Angeles Raiders,1991,6,1991-10-06,San Diego Chargers
Los Angeles Raiders,1991,7,1991-10-13,Seattle Seahawks
Los Angeles Raiders,1991,8,1991-10-20,Los Angeles Rams
Los Angeles Raiders,1991,9,1991-10-28,Kansas City Chiefs
Los Angeles Raiders,1991,11,1991-11-10,Denver Broncos
Los Angeles Raiders,1991,12,1991-11-17,Seattle Seahawks
Los Angeles Raiders,1991,13,1991-11-24,Cincinnati Bengals
Los Angeles Raiders,1991,14,1991-12-01,San Diego Chargers
Los Angeles Raiders,1991,15,1991-12-08,Buffalo Bills
Los Angeles Raiders,1991,16,1991-12-16,New Orleans Saints
Los Angeles Raiders,1991,17,1991-12-22,Kansas City Chiefs
Los Angeles Raiders,1991,18,1991-12-28,Kansas City Chiefs
Los Angeles Raiders,1992,1,1992-09-06,Denver Broncos
Los Angeles Raiders,1992,2,1992-09-13,Cincinnati Bengals
Los Angeles Raiders,1992,3,1992-09-20,Cleveland Browns
Los Angeles Raiders,1992,4,1992-09-28,Kansas City Chiefs
Los Angeles Raiders,1992,5,1992-10-04,New York Giants
Los Angeles Raiders,1992,6,1992-10-11,Buffalo Bills
Los Angeles Raiders,1992,7,1992-10-18,Seattle Seahawks
Los Angeles Raiders,1992,8,1992-10-25,Dallas Cowboys
Los Angeles Raiders,1992,10,1992-11-08,Philadelphia Eagles
Los Angeles Raiders,1992,11,1992-11-15,Seattle Seahawks
Los Angeles Raiders,1992,12,1992-11-22,Denver Broncos
Los Angeles Raiders,1992,13,1992-11-29,San Diego Chargers
Los Angeles Raiders,1992,14,1992-12-06,Kansas City Chiefs
Los Angeles Raiders,1992,15,1992-12-14,Miami Dolphins
Los Angeles Raiders,1992,16,1992-12-20,San Diego Chargers
Los Angeles Raiders,1992,17,1992-12-26,Washington Redskins
Los Angeles Raiders,1993,1,1993-09-05,Minnesota Vikings
Los Angeles Raiders,1993,2,1993-09-12,Seattle Seahawks
Los Angeles Raiders,1993,3,1993-09-19,Cleveland Browns
Los Angeles Raiders,1993,5,1993-10-03,Kansas City Chiefs
Los Angeles Raiders,1993,6,1993-10-10,New York Jets
Los Angeles Raiders,1993,7,1993-10-18,Denver Broncos
Los Angeles Raiders,1993,9,1993-10-31,San Diego Chargers
Los Angeles Raiders,1993,10,1993-11-07,Chicago Bears
Los Angeles Raiders,1993,11,1993-11-14,Kansas City Chiefs
Los Angeles Raiders,1993,12,1993-11-21,San Diego Chargers
Los Angeles Raiders,1993,13,1993-11-28,Cincinnati Bengals
Los Angeles Raiders,1993,14,1993-12-05,Buffalo Bills
Los Angeles Raiders,1993,15,1993-12-12,Seattle Seahawks
Los Angeles Raiders,1993,16,1993-12-19,Tampa Bay Buccaneers
Los Angeles Raiders,1993,17,1993-12-26,Green Bay Packers
Los Angeles Raiders,1993,18,1994-01-02,Denver Broncos
Los Angeles Raiders,1993,19,1994-01-09,Denver Broncos
Los Angeles Raiders,1993,20,1994-01-15,Buffalo Bills
Los Angeles Raiders,1994,1,1994-09-05,San Francisco 49ers
Los Angeles Raiders,1994,2,1994-09-11,Seattle Seahawks
Los Angeles Raiders,1994,3,1994-09-18,Denver Broncos
Los Angeles Raiders,1994,4,1994-09-25,San Diego Chargers
Los Angeles Raiders,1994,6,1994-10-09,New England Patriots
Los Angeles Raiders,1994,7,1994-10-16,Miami Dolphins
Los Angeles Raiders,1994,8,1994-10-23,Atlanta Falcons
Los Angeles Raiders,1994,9,1994-10-30,Houston Oilers
Los Angeles Raiders,1994,10,1994-11-06,Kansas City Chiefs
Los Angeles Raiders,1994,11,1994-11-13,Los Angeles Rams
Los Angeles Raiders,1994,12,1994-11-20,New Orleans Saints
Los Angeles Raiders,1994,13,1994-11-27,Pittsburgh Steelers
Los Angeles Raiders,1994,14,1994-12-05,San Diego Chargers
Los Angeles Raiders,1994,15,1994-12-11,Denver Broncos
Los Angeles Raiders,1994,16,1994-12-18,Seattle Seahawks
Los Angeles Raiders,1994,17,1994-12-24,Kansas City Chiefs
Oakland Raiders,1995,1,1995-09-03,San Diego Chargers
Oakland Raiders,1995,2,1995-09-10,Washington Redskins
Oakland Raiders,1995,3,1995-09-17,Kansas City Chiefs
Oakland Raiders,1995,4,1995-09-24,Philadelphia Eagles
Oakland Raiders,1995,5,1995-10-01,New York Jets
Oakland Raiders,1995,6,1995-10-08,Seattle Seahawks
Oakland Raiders,1995,7,1995-10-16,Denver Broncos
Oakland Raiders,1995,8,1995-10-22,Indianapolis Colts
Oakland Raiders,1995,10,1995-11-05,Cincinnati Bengals
Oakland Raiders,1995,11,1995-11-12,New York Giants
Oakland Raiders,1995,12,1995-11-19,Dallas Cowboys
Oakland Raiders,1995,13,1995-11-27,San Diego Chargers
Oakland Raiders,1995,14,1995-12-03,Kansas City Chiefs
Oakland Raiders,1995,15,1995-12-10,Pittsburgh Steelers
Oakland Raiders,1995,16,1995-12-17,Seattle Seahawks
Oakland Raiders,1995,17,1995-12-24,Denver Broncos
Oakland Raiders,1996,1,1996-09-01,Baltimore Ravens
Oakland Raiders,1996,2,1996-09-08,Kansas City Chiefs
Oakland Raiders,1996,3,1996-09-15,Jacksonville Jaguars
Oakland Raiders,1996,4,1996-09-22,San Diego Chargers
Oakland Raiders,1996,5,1996-09-29,Chicago Bears
Oakland Raiders,1996,6,1996-10-06,New York Jets
Oakland Raiders,1996,7,1996-10-13,Detroit Lions
Oakland Raiders,1996,8,1996-10-21,San Diego Chargers
Oakland Raiders,1996,10,1996-11-04,Denver Broncos
Oakland Raiders,1996,11,1996-11-10,Tampa Bay Buccaneers
Oakland Raiders,1996,12,1996-11-17,Minnesota Vikings
Oakland Raiders,1996,13,1996-11-24,Seattle Seahawks
Oakland Raiders,1996,14,1996-12-01,Miami Dolphins
Oakland Raiders,1996,15,1996-12-09,Kansas City Chiefs
Oakland Raiders,1996,16,1996-12-15,Denver Broncos
Oakland Raiders,1996,17,1996-12-22,Seattle Seahawks
Oakland Raiders,1997,1,1997-08-31,Tennessee Oilers
Oakland Raiders,1997,2,1997-09-08,Kansas City Chiefs
Oakland Raiders,1997,3,1997-09-14,Atlanta Falcons
Oakland Raiders,1997,4,1997-09-21,New York Jets
Oakland Raiders,1997,5,1997-09-28,St. Louis Rams
Oakland Raiders,1997,6,1997-10-05,San Diego Chargers
Oakland Raiders,1997,8,1997-10-19,Denver Broncos
Oakland Raiders,1997,9,1997-10-26,Seattle Seahawks
Oakland Raiders,1997,10,1997-11-02,Carolina Panthers
Oakland Raiders,1997,11,1997-11-09,New Orleans Saints
Oakland Raiders,1997,12,1997-11-16,San Diego Chargers
Oakland Raiders,1997,13,1997-11-24,Denver Broncos
Oakland Raiders,1997,14,1997-11-30,Miami Dolphins
Oakland Raiders,1997,15,1997-12-07,Kansas City Chiefs
Oakland Raiders,1997,16,1997-12-14,Seattle Seahawks
Oakland Raiders,1997,17,1997-12-21,Jacksonville Jaguars
Oakland Raiders,1998,1,1998-09-06,Kansas City Chiefs
Oakland Raiders,1998,2,1998-09-13,New York Giants
Oakland Raiders,1998,3,1998-09-20,Denver Broncos
Oakland Raiders,1998,4,1998-09-27,Dallas Cowboys
Oakland Raiders,1998,5,1998-10-04,Arizona Cardinals
Oakland Raiders,1998,6,1998-10-11,San Diego Chargers
Oakland Raiders,1998,8,1998-10-25,Cincinnati Bengals
Oakland Raiders,1998,9,1998-11-01,Seattle Seahawks
Oakland Raiders,1998,10,1998-11-08,Baltimore Ravens
Oakland Raiders,1998,11,1998-11-15,Seattle Seahawks
Oakland Raiders,1998,12,1998-11-22,Denver Broncos
Oakland Raiders,1998,13,1998-11-29,Washington Redskins
Oakland Raiders,1998,14,1998-12-06,Miami Dolphins
Oakland Raiders,1998,15,1998-12-13,Buffalo Bills
Oakland Raiders,1998,16,1998-12-20,San Diego Chargers
Oakland Raiders,1998,17,1998-12-26,Kansas City Chiefs
Oakland Raiders,1999,1,1999-09-12,Green Bay Packers
Oakland Raiders,1999,2,1999-09-19,Minnesota Vikings
Oakland Raiders,1999,3,1999-09-26,Chicago Bears
Oakland Raiders,1999,4,1999-10-03,Seattle Seahawks
Oakland Raiders,1999,5,1999-10-10,Denver Broncos
Oakland Raiders,1999,6,1999-10-17,Buffalo Bills
Oakland Raiders,1999,7,1999-10-24,New York Jets
Oakland Raiders,1999,8,1999-10-31,Miami Dolphins
Oakland Raiders,1999,10,1999-11-14,San Diego Chargers
Oakland Raiders,1999,11,1999-11-22,Denver Broncos
Oakland Raiders,1999,12,1999-11-28,Kansas City Chiefs
Oakland Raiders,1999,13,1999-12-05,Seattle Seahawks
Oakland Raiders,1999,14,1999-12-09,Tennessee Titans
Oakland Raiders,1999,15,1999-12-19,Tampa Bay Buccaneers
Oakland Raiders,1999,16,1999-12-26,San Diego Chargers
Oakland Raiders,1999,17,2000-01-02,Kansas City Chiefs
Oakland Raiders,2000,1,2000-09-03,San Diego Chargers
Oakland Raiders,2000,2,2000-09-10,Indianapolis Colts
Oakland Raiders,2000,3,2000-09-17,Denver Broncos
Oakland Raiders,2000,4,2000-09-24,Cleveland Browns
Oakland Raiders,2000,6,2000-10-08,San Francisco 49ers
Oakland Raiders,2000,7,2000-10-15,Kansas City Chiefs
Oakland Raiders,2000,8,2000-10-22,Seattle Seahawks
Oakland Raiders,2000,9,2000-10-29,San Diego Chargers
Oakland Raiders,2000,10,2000-11-05,Kansas City Chiefs
Oakland Raiders,2000,11,2000-11-13,Denver Broncos
Oakland Raiders,2000,12,2000-11-19,New Orleans Saints
Oakland Raiders,2000,13,2000-11-26,Atlanta Falcons
Oakland Raiders,2000,14,2000-12-03,Pittsburgh Steelers
Oakland Raiders,2000,15,2000-12-10,New York Jets
Oakland Raiders,2000,16,2000-12-16,Seattle Seahawks
Oakland Raiders,2000,17,2000-12-24,Carolina Panthers
Oakland Raiders,2000,18,2001-01-06,Miami Dolphins
Oakland Raiders,2000,19,2001-01-14,Baltimore Ravens
Oakland Raiders,2001,1,2001-09-09,Kansas City Chiefs
Oakland Raiders,2001,2,2001-09-23,Miami Dolphins
Oakland Raiders,2001,3,2001-09-30,Seattle Seahawks
Oakland Raiders,2001,4,2001-10-07,Dallas Cowboys
Oakland Raiders,2001,5,2001-10-14,Indianapolis Colts
Oakland Raiders,2001,7,2001-10-28,Philadelphia Eagles
Oakland Raiders,2001,8,2001-11-05,Denver Broncos
Oakland Raiders,2001,9,2001-11-11,Seattle Seahawks
Oakland Raiders,2001,10,2001-11-18,San Diego Chargers
Oakland Raiders,2001,11,2001-11-25,New York Giants
Oakland Raiders,2001,12,2001-12-02,Arizona Cardinals
Oakland Raiders,2001,13,2001-12-09,Kansas City Chiefs
Oakland Raiders,2001,14,2001-12-15,San Diego Chargers
Oakland Raiders,2001,15,2001-12-22,Tennessee Titans
Oakland Raiders,2001,16,2001-12-30,Denver Broncos
Oakland Raiders,2001,17,2002-01-06,New York Jets
Oakland Raiders,2001,18,2002-01-12,New York Jets
Oakland Raiders,2001,19,2002-01-19,New England Patriots
Oakland Raiders,2002,1,2002-09-08,Seattle Seahawks
Oakland Raiders,2002,2,2002-09-15,Pittsburgh Steelers
Oakland Raiders,2002,4,2002-09-29,Tennessee Titans
Oakland Raiders,2002,5,2002-10-06,Buffalo Bills
Oakland Raiders,2002,6,2002-10-13,St. Louis Rams
Oakland Raiders,2002,7,2002-10-20,San Diego Chargers
Oakland Raiders,2002,8,2002-10-27,Kansas City Chiefs
Oakland Raiders,2002,9,2002-11-03,San Francisco 49ers
Oakland Raiders,2002,10,2002-11-11,Denver Broncos
Oakland Raiders,2002,11,2002-11-17,New England Patriots
Oakland Raiders,2002,12,2002-11-24,Arizona Cardinals
Oakland Raiders,2002,13,2002-12-02,New York Jets
Oakland Raiders,2002,14,2002-12-08,San Diego Chargers
Oakland Raiders,2002,15,2002-12-15,Miami Dolphins
Oakland Raiders,2002,16,2002-12-22,Denver Broncos
Oakland Raiders,2002,17,2002-12-28,Kansas City Chiefs
Oakland Raiders,2002,18,2003-01-12,New York Jets
Oakland Raiders,2002,19,2003-01-19,Tennessee Titans
Oakland Raiders,2002,20,2003-01-26,Tampa Bay Buccaneers
Oakland Raiders,2003,1,2003-09-07,Tennessee Titans
Oakland Raiders,2003,2,2003-09-14,Cincinnati Bengals
Oakland Raiders,2003,3,2003-09-22,Denver Broncos
Oakland Raiders,2003,4,2003-09-28,San Diego Chargers
Oakland Raiders,2003,5,2003-10-05,Chicago Bears
Oakland Raiders,2003,6,2003-10-12,Cleveland Browns
Oakland Raiders,2003,7,2003-10-20,Kansas City Chiefs
Oakland Raiders,2003,9,2003-11-02,Detroit Lions
Oakland Raiders,2003,10,2003-11-09,New York Jets
Oakland Raiders,2003,11,2003-11-16,Minnesota Vikings
Oakland Raiders,2003,12,2003-11-23,Kansas City Chiefs
Oakland Raiders,2003,13,2003-11-30,Denver Broncos
Oakland Raiders,2003,14,2003-12-07,Pittsburgh Steelers
Oakland Raiders,2003,15,2003-12-14,Baltimore Ravens
Oakland Raiders,2003,16,2003-12-22,Green Bay Packers
Oakland Raiders,2003,17,2003-12-28,San Diego Chargers
Oakland Raiders,2004,1,2004-09-12,Pittsburgh Steelers
Oakland Raiders,2004,2,2004-09-19,Buffalo Bills
Oakland Raiders,2004,3,2004-09-26,Tampa Bay Buccaneers
Oakland Raiders,2004,4,2004-10-03,Houston Texans
Oakland Raiders,2004,5,2004-10-10,Indianapolis Colts
Oakland Raiders,2004,6,2004-10-17,Denver Broncos
Oakland Raiders,2004,7,2004-10-24,New Orleans Saints
Oakland Raiders,2004,8,2004-10-31,San Diego Chargers
Oakland Raiders,2004,9,2004-11-07,Carolina Panthers
Oakland Raiders,2004,11,2004-11-21,San Diego Chargers
Oakland Raiders,2004,12,2004-11-28,Denver Broncos
Oakland Raiders,2004,13,2004-12-05,Kansas City Chiefs
Oakland Raiders,2004,14,2004-12-12,Atlanta Falcons
Oakland Raiders,2004,15,2004-12-19,Tennessee Titans
Oakland Raiders,2004,16,2004-12-25,Kansas City Chiefs
Oakland Raiders,2004,17,2005-01-02,Jacksonville Jaguars
Oakland Raiders,2005,1,2005-09-08,New England Patriots
Oakland Raiders,2005,2,2005-09-18,Kansas City Chiefs
Oakland Raiders,2005,3,2005-09-25,Philadelphia Eagles
Oakland Raiders,2005,4,2005-10-02,Dallas Cowboys
Oakland Raiders,2005,6,2005-10-16,San Diego Chargers
Oakland Raiders,2005,7,2005-10-23,Buffalo Bills
Oakland Raiders,2005,8,2005-10-30,Tennessee Titans
Oakland Raiders,2005,9,2005-11-06,Kansas City Chiefs
Oakland Raiders,2005,10,2005-11-13,Denver Broncos
Oakland Raiders,2005,11,2005-11-20,Washington Redskins
Oakland Raiders,2005,12,2005-11-27,Miami Dolphins
Oakland Raiders,2005,13,2005-12-04,San Diego Chargers
Oakland Raiders,2005,14,2005-12-11,New York Jets
Oakland Raiders,2005,15,2005-12-18,Cleveland Browns
Oakland Raiders,2005,16,2005-12-24,Denver Broncos
Oakland Raiders,2005,17,2005-12-31,New York Giants
Oakland Raiders,2006,1,2006-09-11,San Diego Chargers
Oakland Raiders,2006,2,2006-09-17,Baltimore Ravens
Oakland Raiders,2006,4,2006-10-01,Cleveland Browns
Oakland Raiders,2006,5,2006-10-08,San Francisco 49ers
Oakland Raiders,2006,6,2006-10-15,Denver Broncos
Oakland Raiders,2006,7,2006-10-22,Arizona Cardinals
Oakland Raiders,2006,8,2006-10-29,Pittsburgh Steelers
Oakland Raiders,2006,9,2006-11-06,Seattle Seahawks
Oakland Raiders,2006,10,2006-11-12,Denver Broncos
Oakland Raiders,2006,11,2006-11-19,Kansas City Chiefs
Oakland Raiders,2006,12,2006-11-26,San Diego Chargers
Oakland Raiders,2006,13,2006-12-03,Houston Texans
Oakland Raiders,2006,14,2006-12-10,Cincinnati Bengals
Oakland Raiders,2006,15,2006-12-17,St. Louis Rams
Oakland Raiders,2006,16,2006-12-23,Kansas City Chiefs
Oakland Raiders,2006,17,2006-12-31,New York Jets
Oakland Raiders,2007,1,2007-09-09,Detroit Lions
Oakland Raiders,2007,2,2007-09-16,Denver Broncos
Oakland Raiders,2007,3,2007-09-23,Cleveland Browns
Oakland Raiders,2007,4,2007-09-30,Miami Dolphins
Oakland Raiders,2007,6,2007-10-14,San Diego Chargers
Oakland Raiders,2007,7,2007-10-21,Kansas City Chiefs
Oakland Raiders,2007,8,2007-10-28,Tennessee Titans
Oakland Raiders,2007,9,2007-11-04,Houston Texans
Oakland Raiders,2007,10,2007-11-11,Chicago Bears
Oakland Raiders,2007,11,2007-11-18,Minnesota Vikings
Oakland Raiders,2007,12,2007-11-25,Kansas City Chiefs
Oakland Raiders,2007,13,2007-12-02,Denver Broncos
Oakland Raiders,2007,14,2007-12-09,Green Bay Packers
Oakland Raiders,2007,15,2007-12-16,Indianapolis Colts
Oakland Raiders,2007,16,2007-12-23,Jacksonville Jaguars
Oakland Raiders,2007,17,2007-12-30,San Diego Chargers
Oakland Raiders,2008,1,2008-09-08,Denver Broncos
Oakland Raiders,2008,2,2008-09-14,Kansas City Chiefs
Oakland Raiders,2008,3,2008-09-21,Buffalo Bills
Oakland Raiders,2008,4,2008-09-28,San Diego Chargers
Oakland Raiders,2008,6,2008-10-12,New Orleans Saints
Oakland Raiders,2008,7,2008-10-19,New York Jets
Oakland Raiders,2008,8,2008-10-26,Baltimore Ravens
Oakland Raiders,2008,9,2008-11-02,Atlanta Falcons
Oakland Raiders,2008,10,2008-11-09,Carolina Panthers
Oakland Raiders,2008,11,2008-11-16,Miami Dolphins
Oakland Raiders,2008,12,2008-11-23,Denver Broncos
Oakland Raiders,2008,13,2008-11-30,Kansas City Chiefs
Oakland Raiders,2008,14,2008-12-04,San Diego Chargers
Oakland Raiders,2008,15,2008-12-14,New England Patriots
Oakland Raiders,2008,16,2008-12-21,Houston Texans
Oakland Raiders,2008,17,2008-12-28,Tampa Bay Buccaneers
Oakland Raiders,2009,1,2009-09-14,San Diego Chargers
Oakland Raiders,2009,2,2009-09-20,Kansas City Chiefs
Oakland Raiders,2009,3,2009-09-27,Denver Broncos
Oakland Raiders,2009,4,2009-10-04,Houston Texans
Oakland Raiders,2009,5,2009-10-11,New York Giants
Oakland Raiders,2009,6,2009-10-18,Philadelphia Eagles
Oakland Raiders,2009,7,2009-10-25,New York Jets
Oakland Raiders,2009,8,2009-11-01,San Diego Chargers
Oakland Raiders,2009,10,2009-11-15,Kansas City Chiefs
Oakland Raiders,2009,11,2009-11-22,Cincinnati Bengals
Oakland Raiders,2009,12,2009-11-26,Dallas Cowboys
Oakland Raiders,2009,13,2009-12-06,Pittsburgh Steelers
Oakland Raiders,2009,14,2009-12-13,Washington Redskins
Oakland Raiders,2009,15,2009-12-20,Denver Broncos
Oakland Raiders,2009,16,2009-12-27,Cleveland Browns
Oakland Raiders,2009,17,2010-01-03,Baltimore Ravens
Oakland Raiders,2010,1,2010-09-12,Tennessee Titans
Oakland Raiders,2010,2,2010-09-19,St. Louis Rams
Oakland Raiders,2010,3,2010-09-26,Arizona Cardinals
Oakland Raiders,2010,4,2010-10-03,Houston Texans
Oakland Raiders,2010,5,2010-10-10,San Diego Chargers
Oakland Raiders,2010,6,2010-10-17,San Francisco 49ers
Oakland Raiders,2010,7,2010-10-24,Denver Broncos
Oakland Raiders,2010,8,2010-10-31,Seattle Seahawks
Oakland Raiders,2010,9,2010-11-07,Kansas City Chiefs
Oakland Raiders,2010,11,2010-11-21,Pittsburgh Steelers
Oakland Raiders,2010,12,2010-11-28,Miami Dolphins
Oakland Raiders,2010,13,2010-12-05,San Diego Chargers
Oakland Raiders,2010,14,2010-12-12,Jacksonville Jaguars
Oakland Raiders,2010,15,2010-12-19,Denver Broncos
Oakland Raiders,2010,16,2010-12-26,Indianapolis Colts
Oakland Raiders,2010,17,2011-01-02,Kansas City Chiefs
Oakland Raiders,2011,1,2011-09-12,Denver Broncos
Oakland Raiders,2011,2,2011-09-18,Buffalo Bills
Oakland Raiders,2011,3,2011-09-25,New York Jets
Oakland Raiders,2011,4,2011-10-02,New England Patriots
Oakland Raiders,2011,5,2011-10-09,Houston Texans
Oakland Raiders,2011,6,2011-10-16,Cleveland Browns
Oakland Raiders,2011,7,2011-10-23,Kansas City Chiefs
Oakland Raiders,2011,9,2011-11-06,Denver Broncos
Oakland Raiders,2011,10,2011-11-10,San Diego Chargers
Oakland Raiders,2011,11,2011-11-20,Minnesota Vikings
Oakland Raiders,2011,12,2011-11-27,Chicago Bears
Oakland Raiders,2011,13,2011-12-04,Miami Dolphins
Oakland Raiders,2011,14,2011-12-11,Green Bay Packers
Oakland Raiders,2011,15,2011-12-18,Detroit Lions
Oakland Raiders,2011,16,2011-12-24,Kansas City Chiefs
Oakland Raiders,2011,17,2012-01-01,San Diego Chargers
Oakland Raiders,2012,1,2012-09-10,San Diego Chargers
Oakland Raiders,2012,2,2012-09-16,Miami Dolphins
Oakland Raiders,2012,3,2012-09-23,Pittsburgh Steelers
Oakland Raiders,2012,4,2012-09-30,Denver Broncos
Oakland Raiders,2012,6,2012-10-14,Atlanta Falcons
Oakland Raiders,2012,7,2012-10-21,Jacksonville Jaguars
Oakland Raiders,2012,8,2012-10-28,Kansas City Chiefs
Oakland Raiders,2012,9,2012-11-04,Tampa Bay Buccaneers
Oakland Raiders,2012,10,2012-11-11,Baltimore Ravens
Oakland Raiders,2012,11,2012-11-18,New Orleans Saints
Oakland Raiders,2012,12,2012-11-25,Cincinnati Bengals
Oakland Raiders,2012,13,2012-12-02,Cleveland Browns
Oakland Raiders,2012,14,2012-12-06,Denver Broncos
Oakland Raiders,2012,15,2012-12-16,Kansas City Chiefs
Oakland Raiders,2012,16,2012-12-23,Carolina Panthers
Oakland Raiders,2012,17,2012-12-30,San Diego Chargers
Oakland Raiders,2013,1,2013-09-08,Indianapolis Colts
Oakland Raiders,2013,2,2013-09-15,Jacksonville Jaguars
Oakland Raiders,2013,3,2013-09-23,Denver Broncos
Oakland Raiders,2013,4,2013-09-29,Washington Redskins
Oakland Raiders,2013,5,2013-10-06,San Diego Chargers
Oakland Raiders,2013,6,2013-10-13,Kansas City Chiefs
Oakland Raiders,2013,8,2013-10-27,Pittsburgh Steelers
Oakland Raiders,2013,9,2013-11-03,Philadelphia Eagles
Oakland Raiders,2013,10,2013-11-10,New York Giants
Oakland Raiders,2013,11,2013-11-17,Houston Texans
Oakland Raiders,2013,12,2013-11-24,Tennessee Titans
Oakland Raiders,2013,13,2013-11-28,Dallas Cowboys
Oakland Raiders,2013,14,2013-12-08,New York Jets
Oakland Raiders,2013,15,2013-12-15,Kansas City Chiefs
Oakland Raiders,2013,16,2013-12-22,San Diego Chargers
Oakland Raiders,2013,17,2013-12-29,Denver Broncos
Oakland Raiders,2014,1,2014-09-07,New York Jets
Oakland Raiders,2014,2,2014-09-14,Houston Texans
Oakland Raiders,2014,3,2014-09-21,New England Patriots
Oakland Raiders,2014,4,2014-09-28,Miami Dolphins
Oakland Raiders,2014,6,2014-10-12,San Diego Chargers
Oakland Raiders,2014,7,2014-10-19,Arizona Cardinals
Oakland Raiders,2014,8,2014-10-26,Cleveland Browns
Oakland Raiders,2014,9,2014-11-02,Seattle Seahawks
Oakland Raiders,2014,10,2014-11-09,Denver Broncos
Oakland Raiders,2014,11,2014-11-16,San Diego Chargers
Oakland Raiders,2014,12,2014-11-20,Kansas City Chiefs
Oakland Raiders,2014,13,2014-11-30,St. Louis Rams
Oakland Raiders,2014,14,2014-12-07,San Francisco 49ers
Oakland Raiders,2014,15,2014-12-14,Kansas City Chiefs
Oakland Raiders,2014,16,2014-12-21,Buffalo Bills
Oakland Raiders,2014,17,2014-12-28,Denver Broncos
Oakland Raiders,2015,1,2015-09-13,Cincinnati Bengals
Oakland Raiders,2015,2,2015-09-20,Baltimore Ravens
Oakland Raiders,2015,3,2015-09-27,Cleveland Browns
Oakland Raiders,2015,4,2015-10-04,Chicago Bears
Oakland Raiders,2015,5,2015-10-11,Denver Broncos
Oakland Raiders,2015,7,2015-10-25,San Diego Chargers
Oakland Raiders,2015,8,2015-11-01,New York Jets
Oakland Raiders,2015,9,2015-11-08,Pittsburgh Steelers
Oakland Raiders,2015,10,2015-11-15,Minnesota Vikings
Oakland Raiders,2015,11,2015-11-22,Detroit Lions
Oakland Raiders,2015,12,2015-11-29,Tennessee Titans
Oakland Raiders,2015,13,2015-12-06,Kansas City Chiefs
Oakland Raiders,2015,14,2015-12-13,Denver Broncos
Oakland Raiders,2015,15,2015-12-20,Green Bay Packers
Oakland Raiders,2015,16,2015-12-24,San Diego Chargers
Oakland Raiders,2015,17,2016-01-03,Kansas City Chiefs
Oakland Raiders,2016,1,2016-09-11,New Orleans Saints
Oakland Raiders,2016,2,2016-09-18,Atlanta Falcons
Oakland Raiders,2016,3,2016-09-25,Tennessee Titans
Oakland Raiders,2016,4,2016-10-02,Baltimore Ravens
Oakland Raiders,2016,5,2016-10-09,San Diego Chargers
Oakland Raiders,2016,6,2016-10-16,Kansas City Chiefs
Oakland Raiders,2016,7,2016-10-23,Jacksonville Jaguars
Oakland Raiders,2016,8,2016-10-30,Tampa Bay Buccaneers
Oakland Raiders,2016,9,2016-11-06,Denver Broncos
Oakland Raiders,2016,11,2016-11-21,Houston Texans
Oakland Raiders,2016,12,2016-11-27,Carolina Panthers
Oakland Raiders,2016,13,2016-12-04,Buffalo Bills
Oakland Raiders,2016,14,2016-12-08,Kansas City Chiefs
Oakland Raiders,2016,15,2016-12-18,San Diego Chargers
Oakland Raiders,2016,16,2016-12-24,Indianapolis Colts
Oakland Raiders,2016,17,2017-01-01,Denver Broncos
Oakland Raiders,2016,18,2017-01-07,Houston Texans
Oakland Raiders,2017,1,2017-09-10,Tennessee Titans
Oakland Raiders,2017,2,2017-09-17,New York Jets
Oakland Raiders,2017,3,2017-09-24,Washington Redskins
Oakland Raiders,2017,4,2017-10-01,Denver Broncos
Oakland Raiders,2017,5,2017-10-08,Baltimore Ravens
Oakland Raiders,2017,6,2017-10-15,Los Angeles Chargers
Oakland Raiders,2017,7,2017-10-19,Kansas City Chiefs
Oakland Raiders,2017,8,2017-10-29,Buffalo Bills
Oakland Raiders,2017,9,2017-11-05,Miami Dolphins
Oakland Raiders,2017,11,2017-11-19,New England Patriots
Oakland Raiders,2017,12,2017-11-26,Denver Broncos
Oakland Raiders,2017,13,2017-12-03,New York Giants
Oakland Raiders,2017,14,2017-12-10,Kansas City Chiefs
Oakland Raiders,2017,15,2017-12-17,Dallas Cowboys
Oakland Raiders,2017,16,2017-12-25,Philadelphia Eagles
Oakland Raiders,2017,17,2017-12-31,Los Angeles Chargers
Oakland Raiders,2018,1,2018-09-10,Los Angeles Rams
Oakland Raiders,2018,2,2018-09-16,Denver Broncos
Oakland Raiders,2018,3,2018-09-23,Miami Dolphins
Oakland Raiders,2018,4,2018-09-30,Cleveland Browns
Oakland Raiders,2018,5,2018-10-07,Los Angeles Chargers
Oakland Raiders,2018,6,2018-10-14,Seattle Seahawks
Oakland Raiders,2018,8,2018-10-28,Indianapolis Colts
Oakland Raiders,2018,9,2018-11-01,San Francisco 49ers
Oakland Raiders,2018,10,2018-11-11,Los Angeles Chargers
Oakland Raiders,2018,11,2018-11-18,Arizona Cardinals
Oakland Raiders,2018,12,2018-11-25,Baltimore Ravens
Oakland Raiders,2018,13,2018-12-02,Kansas City Chiefs
Oakland Raiders,2018,14,2018-12-09,Pittsburgh Steelers
Oakland Raiders,2018,15,2018-12-16,Cincinnati Bengals
Oakland Raiders,2018,16,2018-12-24,Denver Broncos
Oakland Raiders,2018,17,2018-12-30,Kansas City Chiefs
Oakland Raiders,2019,1,2019-09-09,Denver Broncos
Oakland Raiders,2019,2,2019-09-15,Kansas City Chiefs
Oakland Raiders,2019,3,2019-09-22,Minnesota Vikings
Oakland Raiders,2019,4,2019-09-29,Indianapolis Colts
Oakland Raiders,2019,5,2019-10-06,Chicago Bears
Oakland Raiders,2019,7,2019-10-20,Green Bay Packers
Oakland Raiders,2019,8,2019-10-27,Houston Texans
Oakland Raiders,2019,9,2019-11-03,Detroit Lions
Oakland Raiders,2019,10,2019-11-07,Los Angeles Chargers
Oakland Raiders,2019,11,2019-11-17,Cincinnati Bengals
Oakland Raiders,2019,12,2019-11-24,New York Jets
Oakland Raiders,2019,13,2019-12-01,Kansas City Chiefs
Oakland Raiders,2019,14,2019-12-08,Tennessee Titans
Oakland Raiders,2019,15,2019-12-15,Jacksonville Jaguars
Oakland Raiders,2019,16,2019-12-22,Los Angeles Chargers
Oakland Raiders,2019,17,2019-12-29,Denver Broncos
Las Vegas Raiders,2020,1,2020-09-13,Carolina Panthers
Las Vegas Raiders,2020,2,2020-09-21,New Orleans Saints
Las Vegas Raiders,2020,3,2020-09-27,New England Patriots
Las Vegas Raiders,2020,4,2020-10-04,Buffalo Bills
Las Vegas Raiders,2020,5,2020-10-11,Kansas City Chiefs
Las Vegas Raiders,2020,7,2020-10-25,Tampa Bay Buccaneers
Las Vegas Raiders,2020,8,2020-11-01,Cleveland Browns
Las Vegas Raiders,2020,9,2020-11-08,Los Angeles Chargers
Las Vegas Raiders,2020,10,2020-11-15,Denver Broncos
Las Vegas Raiders,2020,11,2020-11-22,Kansas City Chiefs
Las Vegas Raiders,2020,12,2020-11-29,Atlanta Falcons
Las Vegas Raiders,2020,13,2020-12-06,New York Jets
Las Vegas Raiders,2020,14,2020-12-13,Indianapolis Colts
Las Vegas Raiders,2020,15,2020-12-17,Los Angeles Chargers
Las Vegas Raiders,2020,16,2020-12-26,Miami Dolphins
Las Vegas Raiders,2020,17,2021-01-03,Denver Broncos
Las Vegas Raiders,2021,1,2021-09-13,Baltimore Ravens
Las Vegas Raiders,2021,2,2021-09-19,Pittsburgh Steelers
Las Vegas Raiders,2021,3,2021-09-26,Miami Dolphins
Las Vegas Raiders,2021,4,2021-10-04,Los Angeles Chargers
Las Vegas Raiders,2021,5,2021-10-10,Chicago Bears
Las Vegas Raiders,2021,6,2021-10-17,Denver Broncos
Las Vegas Raiders,2021,7,2021-10-24,Philadelphia Eagles
Las Vegas Raiders,2021,9,2021-11-07,New York Giants
Las Vegas Raiders,2021,10,2021-11-14,Kansas City Chiefs
Las Vegas Raiders,2021,11,2021-11-21,Cincinnati Bengals
Las Vegas Raiders,2021,12,2021-11-25,Dallas Cowboys
Las Vegas Raiders,2021,13,2021-12-05,Washington Football Team
Las Vegas Raiders,2021,14,2021-12-12,Kansas City Chiefs
Las Vegas Raiders,2021,15,2021-12-20,Cleveland Browns
Las Vegas Raiders,2021,16,2021-12-26,Denver Broncos
Las Vegas Raiders,2021,17,2022-01-02,Indianapolis Colts
Las Vegas Raiders,2021,18,2022-01-09,Los Angeles Chargers
Las Vegas Raiders,2021,19,2022-01-15,Cincinnati Bengals
Las Vegas Raiders,2022,1,2022-09-11,Los Angeles Chargers
Las Vegas Raiders,2022,2,2022-09-18,Arizona Cardinals
Las Vegas Raiders,2022,3,2022-09-25,Tennessee Titans
Las Vegas Raiders,2022,4,2022-10-02,Denver Broncos
Las Vegas Raiders,2022,5,2022-10-10,Kansas City Chiefs
Las Vegas Raiders,2022,7,2022-10-23,Houston Texans
Las Vegas Raiders,2022,8,2022-10-30,New Orleans Saints
Las Vegas Raiders,2022,9,2022-11-06,Jacksonville Jaguars
Las Vegas Raiders,2022,10,2022-11-13,Indianapolis Colts
Las Vegas Raiders,2022,11,2022-11-20,Denver Broncos
Las Vegas Raiders,2022,12,2022-11-27,Seattle Seahawks
Las Vegas Raiders,2022,13,2022-12-04,Los Angeles Chargers
Las Vegas Raiders,2022,14,2022-12-08,Los Angeles Rams
Las Vegas Raiders,2022,15,2022-12-18,New England Patriots
Las Vegas Raiders,2022,16,2022-12-24,Pittsburgh Steelers
Las Vegas Raiders,2022,17,2023-01-01,San Francisco 49ers
Las Vegas Raiders,2022,18,2023-01-07,Kansas City Chiefs
Las Vegas Raiders,2023,1,2023-09-10,Denver Broncos
Las Vegas Raiders,2023,2,2023-09-17,Buffalo Bills
Las Vegas Raiders,2023,3,2023-09-24,Pittsburgh Steelers
Las Vegas Raiders,2023,4,2023-10-01,Los Angeles Chargers
Las Vegas Raiders,2023,5,2023-10-09,Green Bay Packers
Las Vegas Raiders,2023,6,2023-10-15,New England Patriots
Las Vegas Raiders,2023,7,2023-10-22,Chicago Bears
Las Vegas Raiders,2023,8,2023-10-30,Detroit Lions
Las Vegas Raiders,2023,9,2023-11-05,New York Giants
Las Vegas Raiders,2023,10,2023-11-12,New York Jets
Las Vegas Raiders,2023,11,2023-11-19,Miami Dolphins
Las Vegas Raiders,2023,12,2023-11-26,Kansas City Chiefs
Las Vegas Raiders,2023,14,2023-12-10,Minnesota Vikings
Las Vegas Raiders,2023,15,2023-12-14,Los Angeles Chargers
Las Vegas Raiders,2023,16,2023-12-25,Kansas City Chiefs
Las Vegas Raiders,2023,17,2023-12-31,Indianapolis Colts
Las Vegas Raiders,2023,18,2024-01-07,Denver Broncos
Las Vegas Raiders,2024,1,2024-09-08,Los Angeles Chargers
Las Vegas Raiders,2024,2,2024-09-15,Baltimore Ravens
Las Vegas Raiders,2024,3,2024-09-22,Carolina Panthers
Las Vegas Raiders,2024,4,2024-09-29,Cleveland Browns
Las Vegas Raiders,2024,5,2024-10-06,Denver Broncos
Las Vegas Raiders,2024,6,2024-10-13,Pittsburgh Steelers
Las Vegas Raiders,2024,7,2024-10-20,Los Angeles Rams
Las Vegas Raiders,2024,8,2024-10-27,Kansas City Chiefs
Las Vegas Raiders,2024,9,2024-11-03,Cincinnati Bengals
Las Vegas Raiders,2024,11,2024-11-17,Miami Dolphins
Las Vegas Raiders,2024,12,2024-11-24,Denver Broncos
Las Vegas Raiders,2024,13,2024-11-29,Kansas City Chiefs
Las Vegas Raiders,2024,14,2024-12-08,Tampa Bay Buccaneers
Las Vegas Raiders,2024,15,2024-12-16,Atlanta Falcons
Las Vegas Raiders,2024,16,2024-12-22,Jacksonville Jaguars
Las Vegas Raiders,2024,17,2024-12-29,New Orleans Saints
Las Vegas Raiders,2024,18,2025-01-05,Los Angeles Chargers
