Team,Season,Week,Date,Opp
Pittsburgh Steelers,1978,1,1978-09-03,Buffalo Bills
Pittsburgh Steelers,1978,2,1978-09-10,Seattle Seahawks
Pittsburgh Steelers,1978,3,1978-09-17,Cincinnati Bengals
Pittsburgh Steelers,1978,4,1978-09-24,Cleveland Browns
Pittsburgh Steelers,1978,5,1978-10-01,New York Jets
Pittsburgh Steelers,1978,6,1978-10-08,Atlanta Falcons
Pittsburgh Steelers,1978,7,1978-10-15,Cleveland Browns
Pittsburgh Steelers,1978,8,1978-10-23,Houston Oilers
Pittsburgh Steelers,1978,9,1978-10-29,Kansas City Chiefs
Pittsburgh Steelers,1978,10,1978-11-05,New Orleans Saints
Pittsburgh Steelers,1978,11,1978-11-12,Los Angeles Rams
Pittsburgh Steelers,1978,12,1978-11-19,Cincinnati Bengals
Pittsburgh Steelers,1978,13,1978-11-27,San Francisco 49ers
Pittsburgh Steelers,1978,14,1978-12-03,Houston Oilers
Pittsburgh Steelers,1978,15,1978-12-09,Baltimore Colts
Pittsburgh Steelers,1978,16,1978-12-16,Denver Broncos
Pittsburgh Steelers,1978,17,1978-12-30,Denver Broncos
Pittsburgh Steelers,1978,18,1979-01-07,Houston Oilers
Pittsburgh Steelers,1978,19,1979-01-21,Dallas Cowboys
Pittsburgh Steelers,1979,1,1979-09-03,New England Patriots
Pittsburgh Steelers,1979,2,1979-09-09,Houston Oilers
Pittsburgh Steelers,1979,3,1979-09-16,St. Louis Cardinals
Pittsburgh Steelers,1979,4,1979-09-23,Baltimore Colts
Pittsburgh Steelers,1979,5,1979-09-30,Philadelphia Eagles
Pittsburgh Steelers,1979,6,1979-10-07,Cleveland Browns
Pittsburgh Steelers,1979,7,1979-10-14,Cincinnati Bengals
Pittsburgh Steelers,1979,8,1979-10-22,Denver Broncos
Pittsburgh Steelers,1979,9,1979-10-28,Dallas Cowboys
Pittsburgh Steelers,1979,10,1979-11-04,Washington Redskins
Pittsburgh Steelers,1979,11,1979-11-11,Kansas City Chiefs
Pittsburgh Steelers,1979,12,1979-11-18,San Diego Chargers
Pittsburgh Steelers,1979,13,1979-11-25,Cleveland Browns
Pittsburgh Steelers,1979,14,1979-12-02,Cincinnati Bengals
Pittsburgh Steelers,1979,15,1979-12-10,Houston Oilers
Pittsburgh Steelers,1979,16,1979-12-16,Buffalo Bills
Pittsburgh Steelers,1979,17,1979-12-30,Miami Dolphins
Pittsburgh Steelers,1979,18,1980-01-06,Houston Oilers
Pittsburgh Steelers,1979,19,1980-01-20,Los Angeles Rams
Pittsburgh Steelers,1980,1,1980-09-07,Houston Oilers
Pittsburgh Steelers,1980,2,1980-09-14,Baltimore Colts
Pittsburgh Steelers,1980,3,1980-09-21,Cincinnati Bengals
Pittsburgh Steelers,1980,4,1980-09-28,Chicago Bears
Pittsburgh Steelers,1980,5,1980-10-05,Minnesota Vikings
Pittsburgh Steelers,1980,6,1980-10-12,Cincinnati Bengals
Pittsburgh Steelers,1980,7,1980-10-20,Oakland Raiders
Pittsburgh Steelers,1980,8,1980-10-26,Cleveland Browns
Pittsburgh Steelers,1980,9,1980-11-02,Green Bay Packers
Pittsburgh Steelers,1980,10,1980-11-09,Tampa Bay Buccaneers
Pittsburgh Steelers,1980,11,1980-11-16,Cleveland Browns
Pittsburgh Steelers,1980,12,1980-11-23,Buffalo Bills
Pittsburgh Steelers,1980,13,1980-11-30,Miami Dolphins
Pittsburgh Steelers,1980,14,1980-12-04,Houston Oilers
Pittsburgh Steelers,1980,15,1980-12-14,Kansas City Chiefs
Pittsburgh Steelers,1980,16,1980-12-22,San Diego Chargers
Pittsburgh Steelers,1981,1,1981-09-06,Kansas City Chiefs
Pittsburgh Steelers,1981,2,1981-09-10,Miami Dolphins
Pittsburgh Steelers,1981,3,1981-09-20,New York Jets
Pittsburgh Steelers,1981,4,1981-09-27,New England Patriots
Pittsburgh Steelers,1981,5,1981-10-04,New Orleans Saints
Pittsburgh Steelers,1981,6,1981-10-11,Cleveland Browns
Pittsburgh Steelers,1981,7,1981-10-18,Cincinnati Bengals
Pittsburgh Steelers,1981,8,1981-10-26,Houston Oilers
Pittsburgh Steelers,1981,9,1981-11-01,San Francisco 49ers
Pittsburgh Steelers,1981,10,1981-11-08,Seattle Seahawks
Pittsburgh Steelers,1981,11,1981-11-15,Atlanta Falcons
Pittsburgh Steelers,1981,12,1981-11-22,Cleveland Browns
Pittsburgh Steelers,1981,13,1981-11-29,Los Angeles Rams
Pittsburgh Steelers,1981,14,1981-12-07,Oakland Raiders
Pittsburgh Steelers,1981,15,1981-12-13,Cincinnati Bengals
Pittsburgh Steelers,1981,16,1981-12-20,Houston Oilers
Pittsburgh Steelers,1982,1,1982-09-13,Dallas Cowboys
Pittsburgh Steelers,1982,2,1982-09-19,Cincinnati Bengals
Pittsburgh Steelers,1982,11,1982-11-21,Houston Oilers
Pittsburgh Steelers,1982,12,1982-11-28,Seattle Seahawks
Pittsburgh Steelers,1982,13,1982-12-05,Kansas City Chiefs
Pittsburgh Steelers,1982,14,1982-12-12,Buffalo Bills
Pittsburgh Steelers,1982,15,1982-12-19,Cleveland Browns
Pittsburgh Steelers,1982,16,1982-12-26,New England Patriots
Pittsburgh Steelers,1982,17,1983-01-02,Cleveland Browns
Pittsburgh Steelers,1982,18,1983-01-09,San Diego Chargers
Pittsburgh Steelers,1983,1,1983-09-04,Denver Broncos
Pittsburgh Steelers,1983,2,1983-09-11,Green Bay Packers
Pittsburgh Steelers,1983,3,1983-09-18,Houston Oilers
Pittsburgh Steelers,1983,4,1983-09-25,New England Patriots
Pittsburgh Steelers,1983,5,1983-10-02,Houston Oilers
Pittsburgh Steelers,1983,6,1983-10-10,Cincinnati Bengals
Pittsburgh Steelers,1983,7,1983-10-16,Cleveland Browns
Pittsburgh Steelers,1983,8,1983-10-23,Seattle Seahawks
Pittsburgh Steelers,1983,9,1983-10-30,Tampa Bay Buccaneers
Pittsburgh Steelers,1983,10,1983-11-06,San Diego Chargers
Pittsburgh Steelers,1983,11,1983-11-13,Baltimore Colts
Pittsburgh Steelers,1983,12,1983-11-20,Minnesota Vikings
Pittsburgh Steelers,1983,13,1983-11-24,Detroit Lions
Pittsburgh Steelers,1983,14,1983-12-04,Cincinnati Bengals
Pittsburgh Steelers,1983,15,1983-12-10,New York Jets
Pittsburgh Steelers,1983,16,1983-12-18,Cleveland Browns
Pittsburgh Steelers,1983,17,1984-01-01,Los Angeles Raiders
Pittsburgh Steelers,1984,1,1984-09-02,Kansas City Chiefs
Pittsburgh Steelers,1984,2,1984-09-06,New York Jets
Pittsburgh Steelers,1984,3,1984-09-16,Los Angeles Rams
Pittsburgh Steelers,1984,4,1984-09-23,Cleveland Browns
Pittsburgh Steelers,1984,5,1984-10-01,Cincinnati Bengals
Pittsburgh Steelers,1984,6,1984-10-07,Miami Dolphins
Pittsburgh Steelers,1984,7,1984-10-14,San Francisco 49ers
Pittsburgh Steelers,1984,8,1984-10-21,Indianapolis Colts
Pittsburgh Steelers,1984,9,1984-10-28,Atlanta Falcons
Pittsburgh Steelers,1984,10,1984-11-04,Houston Oilers
Pittsburgh Steelers,1984,11,1984-11-11,Cincinnati Bengals
Pittsburgh Steelers,1984,12,1984-11-19,New Orleans Saints
Pittsburgh Steelers,1984,13,1984-11-25,San Diego Chargers
Pittsburgh Steelers,1984,14,1984-12-02,Houston Oilers
Pittsburgh Steelers,1984,15,1984-12-09,Cleveland Browns
Pittsburgh Steelers,1984,16,1984-12-16,Los Angeles Raiders
Pittsburgh Steelers,1984,17,1984-12-30,Denver Broncos
Pittsburgh Steelers,1984,18,1985-01-06,Miami Dolphins
Pittsburgh Steelers,1985,1,1985-09-08,Indianapolis Colts
Pittsburgh Steelers,1985,2,1985-09-16,Cleveland Browns
Pittsburgh Steelers,1985,3,1985-09-22,Houston Oilers
Pittsburgh Steelers,1985,4,1985-09-30,Cincinnati Bengals
Pittsburgh Steelers,1985,5,1985-10-06,Miami Dolphins
Pittsburgh Steelers,1985,6,1985-10-13,Dallas Cowboys
Pittsburgh Steelers,1985,7,1985-10-20,St. Louis Cardinals
Pittsburgh Steelers,1985,8,1985-10-27,Cincinnati Bengals
Pittsburgh Steelers,1985,9,1985-11-03,Cleveland Browns
Pittsburgh Steelers,1985,10,1985-11-10,Kansas City Chiefs
Pittsburgh Steelers,1985,11,1985-11-17,Houston Oilers
Pittsburgh Steelers,1985,12,1985-11-24,Washington Redskins
Pittsburgh Steelers,1985,13,1985-12-01,Denver Broncos
Pittsburgh Steelers,1985,14,1985-12-08,San Diego Chargers
Pittsburgh Steelers,1985,15,1985-12-15,Buffalo Bills
Pittsburgh Steelers,1985,16,1985-12-21,New York Giants
Pittsburgh Steelers,1986,1,1986-09-07,Seattle Seahawks
Pittsburgh Steelers,1986,2,1986-09-15,Denver Broncos
Pittsburgh Steelers,1986,3,1986-09-21,Minnesota Vikings
Pittsburgh Steelers,1986,4,1986-09-28,Houston Oilers
Pittsburgh Steelers,1986,5,1986-10-05,Cleveland Browns
Pittsburgh Steelers,1986,6,1986-10-13,Cincinnati Bengals
Pittsburgh Steelers,1986,7,1986-10-19,New England Patriots
Pittsburgh Steelers,1986,8,1986-10-26,Cincinnati Bengals
Pittsburgh Steelers,1986,9,1986-11-02,Green Bay Packers
Pittsburgh Steelers,1986,10,1986-11-09,Buffalo Bills
Pittsburgh Steelers,1986,11,1986-11-16,Houston Oilers
Pittsburgh Steelers,1986,12,1986-11-23,Cleveland Browns
Pittsburgh Steelers,1986,13,1986-11-30,Chicago Bears
Pittsburgh Steelers,1986,14,1986-12-07,Detroit Lions
Pittsburgh Steelers,1986,15,1986-12-13,New York Jets
Pittsburgh Steelers,1986,16,1986-12-21,Kansas City Chiefs
Pittsburgh Steelers,1987,1,1987-09-13,San Francisco 49ers
Pittsburgh Steelers,1987,2,1987-09-20,Cleveland Browns
Pittsburgh Steelers,1987,4,1987-10-04,Atlanta Falcons
Pittsburgh Steelers,1987,5,1987-10-11,Los Angeles Rams
Pittsburgh Steelers,1987,6,1987-10-18,Indianapolis Colts
Pittsburgh Steelers,1987,7,1987-10-25,Cincinnati Bengals
Pittsburgh Steelers,1987,8,1987-11-01,Miami Dolphins
Pittsburgh Steelers,1987,9,1987-11-08,Kansas City Chiefs
Pittsburgh Steelers,1987,10,1987-11-15,Houston Oilers
Pittsburgh Steelers,1987,11,1987-11-22,Cincinnati Bengals
Pittsburgh Steelers,1987,12,1987-11-29,New Orleans Saints
Pittsburgh Steelers,1987,13,1987-12-06,Seattle Seahawks
Pittsburgh Steelers,1987,14,1987-12-13,San Diego Chargers
Pittsburgh Steelers,1987,15,1987-12-20,Houston Oilers
Pittsburgh Steelers,1987,16,1987-12-26,Cleveland Browns
Pittsburgh Steelers,1988,1,1988-09-04,Dallas Cowboys
Pittsburgh Steelers,1988,2,1988-09-11,Washington Redskins
Pittsburgh Steelers,1988,3,1988-09-18,Cincinnati Bengals
Pittsburgh Steelers,1988,4,1988-09-25,Buffalo Bills
Pittsburgh Steelers,1988,5,1988-10-02,Cleveland Browns
Pittsburgh Steelers,1988,6,1988-10-09,Phoenix Cardinals
Pittsburgh Steelers,1988,7,1988-10-16,Houston Oilers
Pittsburgh Steelers,1988,8,1988-10-23,Denver Broncos
Pittsburgh Steelers,1988,9,1988-10-30,New York Jets
Pittsburgh Steelers,1988,10,1988-11-06,Cincinnati Bengals
Pittsburgh Steelers,1988,11,1988-11-13,Philadelphia Eagles
Pittsburgh Steelers,1988,12,1988-11-20,Cleveland Browns
Pittsburgh Steelers,1988,13,1988-11-27,Kansas City Chiefs
Pittsburgh Steelers,1988,14,1988-12-04,Houston Oilers
Pittsburgh Steelers,1988,15,1988-12-11,San Diego Chargers
Pittsburgh Steelers,1988,16,1988-12-18,Miami Dolphins
Pittsburgh Steelers,1989,1,1989-09-10,Cleveland Browns
Pittsburgh Steelers,1989,2,1989-09-17,Cincinnati Bengals
Pittsburgh Steelers,1989,3,1989-09-24,Minnesota Vikings
Pittsburgh Steelers,1989,4,1989-10-01,Detroit Lions
Pittsburgh Steelers,1989,5,1989-10-08,Cincinnati Bengals
Pittsburgh Steelers,1989,6,1989-10-15,Cleveland Browns
Pittsburgh Steelers,1989,7,1989-10-22,Houston Oilers
Pittsburgh Steelers,1989,8,1989-10-29,Kansas City Chiefs
Pittsburgh Steelers,1989,9,1989-11-05,Denver Broncos
Pittsburgh Steelers,1989,10,1989-11-12,Chicago Bears
Pittsburgh Steelers,1989,11,1989-11-19,San Diego Chargers
Pittsburgh Steelers,1989,12,1989-11-26,Miami Dolphins
Pittsburgh Steelers,1989,13,1989-12-03,Houston Oilers
Pittsburgh Steelers,1989,14,1989-12-10,New York Jets
Pittsburgh Steelers,1989,15,1989-12-17,New England Patriots
Pittsburgh Steelers,1989,16,1989-12-24,Tampa Bay Buccaneers
Pittsburgh Steelers,1989,17,1989-12-31,Houston Oilers
Pittsburgh Steelers,1989,18,1990-01-07,Denver Broncos
Pittsburgh Steelers,1990,1,1990-09-09,Cleveland Browns
Pittsburgh Steelers,1990,2,1990-09-16,Houston Oilers
Pittsburgh Steelers,1990,3,1990-09-23,Los Angeles Raiders
Pittsburgh Steelers,1990,4,1990-09-30,Miami Dolphins
Pittsburgh Steelers,1990,5,1990-10-07,San Diego Chargers
Pittsburgh Steelers,1990,6,1990-10-14,Denver Broncos
Pittsburgh Steelers,1990,7,1990-10-21,San Francisco 49ers
Pittsburgh Steelers,1990,8,1990-10-29,Los Angeles Rams
Pittsburgh Steelers,1990,9,1990-11-04,Atlanta Falcons
Pittsburgh Steelers,1990,11,1990-11-18,Cincinnati Bengals
Pittsburgh Steelers,1990,12,1990-11-25,New York Jets
Pittsburgh Steelers,1990,13,1990-12-02,Cincinnati Bengals
Pittsburgh Steelers,1990,14,1990-12-09,New England Patriots
Pittsburgh Steelers,1990,15,1990-12-16,New Orleans Saints
Pittsburgh Steelers,1990,16,1990-12-23,Cleveland Browns
Pittsburgh Steelers,1990,17,1990-12-30,Houston Oilers
Pittsburgh Steelers,1991,1,1991-09-01,San Diego Chargers
Pittsburgh Steelers,1991,2,1991-09-08,Buffalo Bills
Pittsburgh Steelers,1991,3,1991-09-15,New England Patriots
Pittsburgh Steelers,1991,4,1991-09-22,Philadelphia Eagles
Pittsburgh Steelers,1991,6,1991-10-06,Indianapolis Colts
Pittsburgh Steelers,1991,7,1991-10-14,New York Giants
Pittsburgh Steelers,1991,8,1991-10-20,Seattle Seahawks
Pittsburgh Steelers,1991,9,1991-10-27,Cleveland Browns
Pittsburgh Steelers,1991,10,1991-11-03,Denver Broncos
Pittsburgh Steelers,1991,11,1991-11-10,Cincinnati Bengals
Pittsburgh Steelers,1991,12,1991-11-17,Washington Redskins
Pittsburgh Steelers,1991,13,1991-11-24,Houston Oilers
Pittsburgh Steelers,1991,14,1991-11-28,Dallas Cowboys
Pittsburgh Steelers,1991,15,1991-12-08,Houston Oilers
Pittsburgh Steelers,1991,16,1991-12-15,Cincinnati Bengals
Pittsburgh Steelers,1991,17,1991-12-22,Cleveland Browns
Pittsburgh Steelers,1992,1,1992-09-06,Houston Oilers
Pittsburgh Steelers,1992,2,1992-09-13,New York Jets
Pittsburgh Steelers,1992,3,1992-09-20,San Diego Chargers
Pittsburgh Steelers,1992,4,1992-09-27,Green Bay Packers
Pittsburgh Steelers,1992,6,1992-10-11,Cleveland Browns
Pittsburgh Steelers,1992,7,1992-10-19,Cincinnati Bengals
Pittsburgh Steelers,1992,8,1992-10-25,Kansas City Chiefs
Pittsburgh Steelers,1992,9,1992-11-01,Houston Oilers
Pittsburgh Steelers,1992,10,1992-11-08,Buffalo Bills
Pittsburgh Steelers,1992,11,1992-11-15,Detroit Lions
Pittsburgh Steelers,1992,12,1992-11-22,Indianapolis Colts
Pittsburgh Steelers,1992,13,1992-11-29,Cincinnati Bengals
Pittsburgh Steelers,1992,14,1992-12-06,Seattle Seahawks
Pittsburgh Steelers,1992,15,1992-12-13,Chicago Bears
Pittsburgh Steelers,1992,16,1992-12-20,Minnesota Vikings
Pittsburgh Steelers,1992,17,1992-12-27,Cleveland Browns
Pittsburgh Steelers,1992,18,1993-01-09,Buffalo Bills
Pittsburgh Steelers,1993,1,1993-09-05,San Francisco 49ers
Pittsburgh Steelers,1993,2,1993-09-12,Los Angeles Rams
Pittsburgh Steelers,1993,3,1993-09-19,Cincinnati Bengals
Pittsburgh Steelers,1993,4,1993-09-27,Atlanta Falcons
Pittsburgh Steelers,1993,6,1993-10-10,San Diego Chargers
Pittsburgh Steelers,1993,7,1993-10-17,New Orleans Saints
Pittsburgh Steelers,1993,8,1993-10-24,Cleveland Browns
Pittsburgh Steelers,1993,10,1993-11-07,Cincinnati Bengals
Pittsburgh Steelers,1993,11,1993-11-15,Buffalo Bills
Pittsburgh Steelers,1993,12,1993-11-21,Denver Broncos
Pittsburgh Steelers,1993,13,1993-11-28,Houston Oilers
Pittsburgh Steelers,1993,14,1993-12-05,New England Patriots
Pittsburgh Steelers,1993,15,1993-12-13,Miami Dolphins
Pittsburgh Steelers,1993,16,1993-12-19,Houston Oilers
Pittsburgh Steelers,1993,17,1993-12-26,Seattle Seahawks
Pittsburgh Steelers,1993,18,1994-01-02,Cleveland Browns
Pittsburgh Steelers,1993,19,1994-01-08,Kansas City Chiefs
Pittsburgh Steelers,1994,1,1994-09-04,Dallas Cowboys
Pittsburgh Steelers,1994,2,1994-09-11,Cleveland Browns
Pittsburgh Steelers,1994,3,1994-09-18,Indianapolis Colts
Pittsburgh Steelers,1994,4,1994-09-25,Seattle Seahawks
Pittsburgh Steelers,1994,5,1994-10-03,Houston Oilers
Pittsburgh Steelers,1994,7,1994-10-16,Cincinnati Bengals
Pittsburgh Steelers,1994,8,1994-10-23,New York Giants
Pittsburgh Steelers,1994,9,1994-10-30,Arizona Cardinals
Pittsburgh Steelers,1994,10,1994-11-06,Houston Oilers
Pittsburgh Steelers,1994,11,1994-11-14,Buffalo Bills
Pittsburgh Steelers,1994,12,1994-11-20,Miami Dolphins
Pittsburgh Steelers,1994,13,1994-11-27,Los Angeles Raiders
Pittsburgh Steelers,1994,14,1994-12-04,Cincinnati Bengals
Pittsburgh Steelers,1994,15,1994-12-11,Philadelphia Eagles
Pittsburgh Steelers,1994,16,1994-12-18,Cleveland Browns
Pittsburgh Steelers,1994,17,1994-12-24,San Diego Chargers
Pittsburgh Steelers,1994,18,1995-01-07,Cleveland Browns
Pittsburgh Steelers,1994,19,1995-01-15,San Diego Chargers
Pittsburgh Steelers,1995,1,1995-09-03,Detroit Lions
Pittsburgh Steelers,1995,2,1995-09-10,Houston Oilers
Pittsburgh Steelers,1995,3,1995-09-18,Miami Dolphins
Pittsburgh Steelers,1995,4,1995-09-24,Minnesota Vikings
Pittsburgh Steelers,1995,5,1995-10-01,San Diego Chargers
Pittsburgh Steelers,1995,6,1995-10-08,Jacksonville Jaguars
Pittsburgh Steelers,1995,8,1995-10-19,Cincinnati Bengals
Pittsburgh Steelers,1995,9,1995-10-29,Jacksonville Jaguars
Pittsburgh Steelers,1995,10,1995-11-05,Chicago Bears
Pittsburgh Steelers,1995,11,1995-11-13,Cleveland Browns
Pittsburgh Steelers,1995,12,1995-11-19,Cincinnati Bengals
Pittsburgh Steelers,1995,13,1995-11-26,Cleveland Browns
Pittsburgh Steelers,1995,14,1995-12-03,Houston Oilers
Pittsburgh Steelers,1995,15,1995-12-10,Oakland Raiders
Pittsburgh Steelers,1995,16,1995-12-16,New England Patriots
Pittsburgh Steelers,1995,17,1995-12-24,Green Bay Packers
Pittsburgh Steelers,1995,18,1996-01-06,Buffalo Bills
Pittsburgh Steelers,1995,19,1996-01-14,Indianapolis Colts
Pittsburgh Steelers,1995,20,1996-01-28,Dallas Cowboys
Pittsburgh Steelers,1996,1,1996-09-01,Jacksonville Jaguars
Pittsburgh Steelers,1996,2,1996-09-08,Baltimore Ravens
Pittsburgh Steelers,1996,3,1996-09-16,Buffalo Bills
Pittsburgh Steelers,1996,5,1996-09-29,Houston Oilers
Pittsburgh Steelers,1996,6,1996-10-07,Kansas City Chiefs
Pittsburgh Steelers,1996,7,1996-10-13,Cincinnati Bengals
Pittsburgh Steelers,1996,8,1996-10-20,Houston Oilers
Pittsburgh Steelers,1996,9,1996-10-27,Atlanta Falcons
Pittsburgh Steelers,1996,10,1996-11-03,St. Louis Rams
Pittsburgh Steelers,1996,11,1996-11-10,Cincinnati Bengals
Pittsburgh Steelers,1996,12,1996-11-17,Jacksonville Jaguars
Pittsburgh Steelers,1996,13,1996-11-25,Miami Dolphins
Pittsburgh Steelers,1996,14,1996-12-01,Baltimore Ravens
Pittsburgh Steelers,1996,15,1996-12-08,San Diego Chargers
Pittsburgh Steelers,1996,16,1996-12-15,San Francisco 49ers
Pittsburgh Steelers,1996,17,1996-12-22,Carolina Panthers
Pittsburgh Steelers,1996,18,1996-12-29,Indianapolis Colts
Pittsburgh Steelers,1996,19,1997-01-05,New England Patriots
Pittsburgh Steelers,1997,1,1997-08-31,Dallas Cowboys
Pittsburgh Steelers,1997,2,1997-09-07,Washington Redskins
Pittsburgh Steelers,1997,4,1997-09-22,Jacksonville Jaguars
Pittsburgh Steelers,1997,5,1997-09-28,Tennessee Oilers
Pittsburgh Steelers,1997,6,1997-10-05,Baltimore Ravens
Pittsburgh Steelers,1997,7,1997-10-12,Indianapolis Colts
Pittsburgh Steelers,1997,8,1997-10-19,Cincinnati Bengals
Pittsburgh Steelers,1997,9,1997-10-26,Jacksonville Jaguars
Pittsburgh Steelers,1997,10,1997-11-03,Kansas City Chiefs
Pittsburgh Steelers,1997,11,1997-11-09,Baltimore Ravens
Pittsburgh Steelers,1997,12,1997-11-16,Cincinnati Bengals
Pittsburgh Steelers,1997,13,1997-11-23,Philadelphia Eagles
Pittsburgh Steelers,1997,14,1997-11-30,Arizona Cardinals
Pittsburgh Steelers,1997,15,1997-12-07,Denver Broncos
Pittsburgh Steelers,1997,16,1997-12-13,New England Patriots
Pittsburgh Steelers,1997,17,1997-12-21,Tennessee Oilers
Pittsburgh Steelers,1997,18,1998-01-03,New England Patriots
Pittsburgh Steelers,1997,19,1998-01-11,Denver Broncos
Pittsburgh Steelers,1998,1,1998-09-06,Baltimore Ravens
Pittsburgh Steelers,1998,2,1998-09-13,Chicago Bears
Pittsburgh Steelers,1998,3,1998-09-20,Miami Dolphins
Pittsburgh Steelers,1998,4,1998-09-27,Seattle Seahawks
Pittsburgh Steelers,1998,6,1998-10-11,Cincinnati Bengals
Pittsburgh Steelers,1998,7,1998-10-18,Baltimore Ravens
Pittsburgh Steelers,1998,8,1998-10-26,Kansas City Chiefs
Pittsburgh Steelers,1998,9,1998-11-01,Tennessee Oilers
Pittsburgh Steelers,1998,10,1998-11-09,Green Bay Packers
Pittsburgh Steelers,1998,11,1998-11-15,Tennessee Oilers
Pittsburgh Steelers,1998,12,1998-11-22,Jacksonville Jaguars
Pittsburgh Steelers,1998,13,1998-11-26,Detroit Lions
Pittsburgh Steelers,1998,14,1998-12-06,New England Patriots
Pittsburgh Steelers,1998,15,1998-12-13,Tampa Bay Buccaneers
Pittsburgh Steelers,1998,16,1998-12-20,Cincinnati Bengals
Pittsburgh Steelers,1998,17,1998-12-28,Jacksonville Jaguars
Pittsburgh Steelers,1999,1,1999-09-12,Cleveland Browns
Pittsburgh Steelers,1999,2,1999-09-19,Baltimore Ravens
Pittsburgh Steelers,1999,3,1999-09-26,Seattle Seahawks
Pittsburgh Steelers,1999,4,1999-10-03,Jacksonville Jaguars
Pittsburgh Steelers,1999,5,1999-10-10,Buffalo Bills
Pittsburgh Steelers,1999,6,1999-10-17,Cincinnati Bengals
Pittsburgh Steelers,1999,7,1999-10-25,Atlanta Falcons
Pittsburgh Steelers,1999,9,1999-11-07,San Francisco 49ers
Pittsburgh Steelers,1999,10,1999-11-14,Cleveland Browns
Pittsburgh Steelers,1999,11,1999-11-21,Tennessee Titans
Pittsburgh Steelers,1999,12,1999-11-28,Cincinnati Bengals
Pittsburgh Steelers,1999,13,1999-12-02,Jacksonville Jaguars
Pittsburgh Steelers,1999,14,1999-12-12,Baltimore Ravens
Pittsburgh Steelers,1999,15,1999-12-18,Kansas City Chiefs
Pittsburgh Steelers,1999,16,1999-12-26,Carolina Panthers
Pittsburgh Steelers,1999,17,2000-01-02,Tennessee Titans
Pittsburgh Steelers,2000,1,2000-09-03,Baltimore Ravens
Pittsburgh Steelers,2000,3,2000-09-17,Cleveland Browns
Pittsburgh Steelers,2000,4,2000-09-24,Tennessee Titans
Pittsburgh Steelers,2000,5,2000-10-01,Jacksonville Jaguars
Pittsburgh Steelers,2000,6,2000-10-08,New York Jets
Pittsburgh Steelers,2000,7,2000-10-15,Cincinnati Bengals
Pittsburgh Steelers,2000,8,2000-10-22,Cleveland Browns
Pittsburgh Steelers,2000,9,2000-10-29,Baltimore Ravens
Pittsburgh Steelers,2000,10,2000-11-05,Tennessee Titans
Pittsburgh Steelers,2000,11,2000-11-12,Philadelphia Eagles
Pittsburgh Steelers,2000,12,2000-11-19,Jacksonville Jaguars
Pittsburgh Steelers,2000,13,2000-11-26,Cincinnati Bengals
Pittsburgh Steelers,2000,14,2000-12-03,Oakland Raiders
Pittsburgh Steelers,2000,15,2000-12-10,New York Giants
Pittsburgh Steelers,2000,16,2000-12-16,Washington Redskins
Pittsburgh Steelers,2000,17,2000-12-24,San Diego Chargers
Pittsburgh Steelers,2001,1,2001-09-09,Jacksonville Jaguars
Pittsburgh Steelers,2001,3,2001-09-30,Buffalo Bills
Pittsburgh Steelers,2001,4,2001-10-07,Cincinnati Bengals
Pittsburgh Steelers,2001,5,2001-10-14,Kansas City Chiefs
Pittsburgh Steelers,2001,6,2001-10-21,Tampa Bay Buccaneers
Pittsburgh Steelers,2001,7,2001-10-29,Tennessee Titans
Pittsburgh Steelers,2001,8,2001-11-04,Baltimore Ravens
Pittsburgh Steelers,2001,9,2001-11-11,Cleveland Browns
Pittsburgh Steelers,2001,10,2001-11-18,Jacksonville Jaguars
Pittsburgh Steelers,2001,11,2001-11-25,Tennessee Titans
Pittsburgh Steelers,2001,12,2001-12-02,Minnesota Vikings
Pittsburgh Steelers,2001,13,2001-12-09,New York Jets
Pittsburgh Steelers,2001,14,2001-12-16,Baltimore Ravens
Pittsburgh Steelers,2001,15,2001-12-23,Detroit Lions
Pittsburgh Steelers,2001,16,2001-12-30,Cincinnati Bengals
Pittsburgh Steelers,2001,17,2002-01-06,Cleveland Browns
Pittsburgh Steelers,2001,18,2002-01-20,Baltimore Ravens
Pittsburgh Steelers,2001,19,2002-01-27,New England Patriots
Pittsburgh Steelers,2002,1,2002-09-09,New England Patriots
Pittsburgh Steelers,2002,2,2002-09-15,Oakland Raiders
Pittsburgh Steelers,2002,4,2002-09-29,Cleveland Browns
Pittsburgh Steelers,2002,5,2002-10-06,New Orleans Saints
Pittsburgh Steelers,2002,6,2002-10-13,Cincinnati Bengals
Pittsburgh Steelers,2002,7,2002-10-21,Indianapolis Colts
Pittsburgh Steelers,2002,8,2002-10-27,Baltimore Ravens
Pittsburgh Steelers,2002,9,2002-11-03,Cleveland Browns
Pittsburgh Steelers,2002,10,2002-11-10,Atlanta Falcons
Pittsburgh Steelers,2002,11,2002-11-17,Tennessee Titans
Pittsburgh Steelers,2002,12,2002-11-24,Cincinnati Bengals
Pittsburgh Steelers,2002,13,2002-12-01,Jacksonville Jaguars
Pittsburgh Steelers,2002,14,2002-12-08,Houston Texans
Pittsburgh Steelers,2002,15,2002-12-15,Carolina Panthers
Pittsburgh Steelers,2002,16,2002-12-23,Tampa Bay Buccaneers
Pittsburgh Steelers,2002,17,2002-12-29,Baltimore Ravens
Pittsburgh Steelers,2002,18,2003-01-05,Cleveland Browns
Pittsburgh Steelers,2002,19,2003-01-11,Tennessee Titans
Pittsburgh Steelers,2003,1,2003-09-07,Baltimore Ravens
Pittsburgh Steelers,2003,2,2003-09-14,Kansas City Chiefs
Pittsburgh Steelers,2003,3,2003-09-21,Cincinnati Bengals
Pittsburgh Steelers,2003,4,2003-09-28,Tennessee Titans
Pittsburgh Steelers,2003,5,2003-10-05,Cleveland Browns
Pittsburgh Steelers,2003,6,2003-10-12,Denver Broncos
Pittsburgh Steelers,2003,8,2003-10-26,St. Louis Rams
Pittsburgh Steelers,2003,9,2003-11-02,Seattle Seahawks
Pittsburgh Steelers,2003,10,2003-11-09,Arizona Cardinals
Pittsburgh Steelers,2003,11,2003-11-17,San Francisco 49ers
Pittsburgh Steelers,2003,12,2003-11-23,Cleveland Browns
Pittsburgh Steelers,2003,13,2003-11-30,Cincinnati Bengals
Pittsburgh Steelers,2003,14,2003-12-07,Oakland Raiders
Pittsburgh Steelers,2003,15,2003-12-14,New York Jets
Pittsburgh Steelers,2003,16,2003-12-21,San Diego Chargers
Pittsburgh Steelers,2003,17,2003-12-28,Baltimore Ravens
Pittsburgh Steelers,2004,1,2004-09-12,Oakland Raiders
Pittsburgh Steelers,2004,2,2004-09-19,Baltimore Ravens
Pittsburgh Steelers,2004,3,2004-09-26,Miami Dolphins
Pittsburgh Steelers,2004,4,2004-10-03,Cincinnati Bengals
Pittsburgh Steelers,2004,5,2004-10-10,Cleveland Browns
Pittsburgh Steelers,2004,6,2004-10-17,Dallas Cowboys
Pittsburgh Steelers,2004,8,2004-10-31,New England Patriots
Pittsburgh Steelers,2004,9,2004-11-07,Philadelphia Eagles
Pittsburgh Steelers,2004,10,2004-11-14,Cleveland Browns
Pittsburgh Steelers,2004,11,2004-11-21,Cincinnati Bengals
Pittsburgh Steelers,2004,12,2004-11-28,Washington Redskins
Pittsburgh Steelers,2004,13,2004-12-05,Jacksonville Jaguars
Pittsburgh Steelers,2004,14,2004-12-12,New York Jets
Pittsburgh Steelers,2004,15,2004-12-18,New York Giants
Pittsburgh Steelers,2004,16,2004-12-26,Baltimore Ravens
Pittsburgh Steelers,2004,17,2005-01-02,Buffalo Bills
Pittsburgh Steelers,2004,18,2005-01-15,New York Jets
Pittsburgh Steelers,2004,19,2005-01-23,New England Patriots
Pittsburgh Steelers,2005,1,2005-09-11,Tennessee Titans
Pittsburgh Steelers,2005,2,2005-09-18,Houston Texans
Pittsburgh Steelers,2005,3,2005-09-25,New England Patriots
Pittsburgh Steelers,2005,5,2005-10-10,San Diego Chargers
Pittsburgh Steelers,2005,6,2005-10-16,Jacksonville Jaguars
Pittsburgh Steelers,2005,7,2005-10-23,Cincinnati Bengals
Pittsburgh Steelers,2005,8,2005-10-31,Baltimore Ravens
Pittsburgh Steelers,2005,9,2005-11-06,Green Bay Packers
Pittsburgh Steelers,2005,10,2005-11-13,Cleveland Browns
Pittsburgh Steelers,2005,11,2005-11-20,Baltimore Ravens
Pittsburgh Steelers,2005,12,2005-11-28,Indianapolis Colts
Pittsburgh Steelers,2005,13,2005-12-04,Cincinnati Bengals
Pittsburgh Steelers,2005,14,2005-12-11,Chicago Bears
Pittsburgh Steelers,2005,15,2005-12-18,Minnesota Vikings
Pittsburgh Steelers,2005,16,2005-12-24,Cleveland Browns
Pittsburgh Steelers,2005,17,2006-01-01,Detroit Lions
Pittsburgh Steelers,2005,18,2006-01-08,Cincinnati Bengals
Pittsburgh Steelers,2005,19,2006-01-15,Indianapolis Colts
Pittsburgh Steelers,2005,20,2006-01-22,Denver Broncos
Pittsburgh Steelers,2005,21,2006-02-05,Seattle Seahawks
Pittsburgh Steelers,2006,1,2006-09-07,Miami Dolphins
Pittsburgh Steelers,2006,2,2006-09-18,Jacksonville Jaguars
Pittsburgh Steelers,2006,3,2006-09-24,Cincinnati Bengals
Pittsburgh Steelers,2006,5,2006-10-08,San Diego Chargers
Pittsburgh Steelers,2006,6,2006-10-15,Kansas City Chiefs
Pittsburgh Steelers,2006,7,2006-10-22,Atlanta Falcons
Pittsburgh Steelers,2006,8,2006-10-29,Oakland Raiders
Pittsburgh Steelers,2006,9,2006-11-05,Denver Broncos
Pittsburgh Steelers,2006,10,2006-11-12,New Orleans Saints
Pittsburgh Steelers,2006,11,2006-11-19,Cleveland Browns
Pittsburgh Steelers,2006,12,2006-11-26,Baltimore Ravens
Pittsburgh Steelers,2006,13,2006-12-03,Tampa Bay Buccaneers
Pittsburgh Steelers,2006,14,2006-12-07,Cleveland Browns
Pittsburgh Steelers,2006,15,2006-12-17,Carolina Panthers
Pittsburgh Steelers,2006,16,2006-12-24,Baltimore Ravens
Pittsburgh Steelers,2006,17,2006-12-31,Cincinnati Bengals
Pittsburgh Steelers,2007,1,2007-09-09,Cleveland Browns
Pittsburgh Steelers,2007,2,2007-09-16,Buffalo Bills
Pittsburgh Steelers,2007,3,2007-09-23,San Francisco 49ers
Pittsburgh Steelers,2007,4,2007-09-30,Arizona Cardinals
Pittsburgh Steelers,2007,5,2007-10-07,Seattle Seahawks
Pittsburgh Steelers,2007,7,2007-10-21,Denver Broncos
Pittsburgh Steelers,2007,8,2007-10-28,Cincinnati Bengals
Pittsburgh Steelers,2007,9,2007-11-05,Baltimore Ravens
Pittsburgh Steelers,2007,10,2007-11-11,Cleveland Browns
Pittsburgh Steelers,2007,11,2007-11-18,New York Jets
Pittsburgh Steelers,2007,12,2007-11-26,Miami Dolphins
Pittsburgh Steelers,2007,13,2007-12-02,Cincinnati Bengals
Pittsburgh Steelers,2007,14,2007-12-09,New England Patriots
Pittsburgh Steelers,2007,15,2007-12-16,Jacksonville Jaguars
Pittsburgh Steelers,2007,16,2007-12-20,St. Louis Rams
Pittsburgh Steelers,2007,17,2007-12-30,Baltimore Ravens
Pittsburgh Steelers,2007,18,2008-01-05,Jacksonville Jaguars
Pittsburgh Steelers,2008,1,2008-09-07,Houston Texans
Pittsburgh Steelers,2008,2,2008-09-14,Cleveland Browns
Pittsburgh Steelers,2008,3,2008-09-21,Philadelphia Eagles
Pittsburgh Steelers,2008,4,2008-09-29,Baltimore Ravens
Pittsburgh Steelers,2008,5,2008-10-05,Jacksonville Jaguars
Pittsburgh Steelers,2008,7,2008-10-19,Cincinnati Bengals
Pittsburgh Steelers,2008,8,2008-10-26,New York Giants
Pittsburgh Steelers,2008,9,2008-11-03,Washington Redskins
Pittsburgh Steelers,2008,10,2008-11-09,Indianapolis Colts
Pittsburgh Steelers,2008,11,2008-11-16,San Diego Chargers
Pittsburgh Steelers,2008,12,2008-11-20,Cincinnati Bengals
Pittsburgh Steelers,2008,13,2008-11-30,New England Patriots
Pittsburgh Steelers,2008,14,2008-12-07,Dallas Cowboys
Pittsburgh Steelers,2008,15,2008-12-14,Baltimore Ravens
Pittsburgh Steelers,2008,16,2008-12-21,Tennessee Titans
Pittsburgh Steelers,2008,17,2008-12-28,Cleveland Browns
Pittsburgh Steelers,2008,18,2009-01-11,San Diego Chargers
Pittsburgh Steelers,2008,19,2009-01-18,Baltimore Ravens
Pittsburgh Steelers,2008,20,2009-02-01,Arizona Cardinals
Pittsburgh Steelers,2009,1,2009-09-10,Tennessee Titans
Pittsburgh Steelers,2009,2,2009-09-20,Chicago Bears
Pittsburgh Steelers,2009,3,2009-09-27,Cincinnati Bengals
Pittsburgh Steelers,2009,4,2009-10-04,San Diego Chargers
Pittsburgh Steelers,2009,5,2009-10-11,Detroit Lions
Pittsburgh Steelers,2009,6,2009-10-18,Cleveland Browns
Pittsburgh Steelers,2009,7,2009-10-25,Minnesota Vikings
Pittsburgh Steelers,2009,9,2009-11-09,Denver Broncos
Pittsburgh Steelers,2009,10,2009-11-15,Cincinnati Bengals
Pittsburgh Steelers,2009,11,2009-11-22,Kansas City Chiefs
Pittsburgh Steelers,2009,12,2009-11-29,Baltimore Ravens
Pittsburgh Steelers,2009,13,2009-12-06,Oakland Raiders
Pittsburgh Steelers,2009,14,2009-12-10,Cleveland Browns
Pittsburgh Steelers,2009,15,2009-12-20,Green Bay Packers
Pittsburgh Steelers,2009,16,2009-12-27,Baltimore Ravens
Pittsburgh Steelers,2009,17,2010-01-03,Miami Dolphins
Pittsburgh Steelers,2010,1,2010-09-12,Atlanta Falcons
Pittsburgh Steelers,2010,2,2010-09-19,Tennessee Titans
Pittsburgh Steelers,2010,3,2010-09-26,Tampa Bay Buccaneers
Pittsburgh Steelers,2010,4,2010-10-03,Baltimore Ravens
Pittsburgh Steelers,2010,6,2010-10-17,Cleveland Browns
Pittsburgh Steelers,2010,7,2010-10-24,Miami Dolphins
Pittsburgh Steelers,2010,8,2010-10-31,New Orleans Saints
Pittsburgh Steelers,2010,9,2010-11-08,Cincinnati Bengals
Pittsburgh Steelers,2010,10,2010-11-14,New England Patriots
Pittsburgh Steelers,2010,11,2010-11-21,Oakland Raiders
Pittsburgh Steelers,2010,12,2010-11-28,Buffalo Bills
Pittsburgh Steelers,2010,13,2010-12-05,Baltimore Ravens
Pittsburgh Steelers,2010,14,2010-12-12,Cincinnati Bengals
Pittsburgh Steelers,2010,15,2010-12-19,New York Jets
Pittsburgh Steelers,2010,16,2010-12-23,Carolina Panthers
Pittsburgh Steelers,2010,17,2011-01-02,Cleveland Browns
Pittsburgh Steelers,2010,18,2011-01-15,Baltimore Ravens
Pittsburgh Steelers,2010,19,2011-01-23,New York Jets
Pittsburgh Steelers,2010,20,2011-02-06,Green Bay Packers
Pittsburgh Steelers,2011,1,2011-09-11,Baltimore Ravens
Pittsburgh Steelers,2011,2,2011-09-18,Seattle Seahawks
Pittsburgh Steelers,2011,3,2011-09-25,Indianapolis Colts
Pittsburgh Steelers,2011,4,2011-10-02,Houston Texans
Pittsburgh Steelers,2011,5,2011-10-09,Tennessee Titans
Pittsburgh Steelers,2011,6,2011-10-16,Jacksonville Jaguars
Pittsburgh Steelers,2011,7,2011-10-23,Arizona Cardinals
Pittsburgh Steelers,2011,8,2011-10-30,New England Patriots
Pittsburgh Steelers,2011,9,2011-11-06,Baltimore Ravens
Pittsburgh Steelers,2011,10,2011-11-13,Cincinnati Bengals
Pittsburgh Steelers,2011,12,2011-11-27,Kansas City Chiefs
Pittsburgh Steelers,2011,13,2011-12-04,Cincinnati Bengals
Pittsburgh Steelers,2011,14,2011-12-08,Cleveland Browns
Pittsburgh Steelers,2011,15,2011-12-19,San Francisco 49ers
Pittsburgh Steelers,2011,16,2011-12-24,St. Louis Rams
Pittsburgh Steelers,2011,17,2012-01-01,Cleveland Browns
Pittsburgh Steelers,2011,18,2012-01-08,Denver Broncos
Pittsburgh Steelers,2012,1,2012-09-09,Denver Broncos
Pittsburgh Steelers,2012,2,2012-09-16,New York Jets
Pittsburgh Steelers,2012,3,2012-09-23,Oakland Raiders
Pittsburgh Steelers,2012,5,2012-10-07,Philadelphia Eagles
Pittsburgh Steelers,2012,6,2012-10-11,Tennessee Titans
Pittsburgh Steelers,2012,7,2012-10-21,Cincinnati Bengals
Pittsburgh Steelers,2012,8,2012-10-28,Washington Redskins
Pittsburgh Steelers,2012,9,2012-11-04,New York Giants
Pittsburgh Steelers,2012,10,2012-11-12,Kansas City Chiefs
Pittsburgh Steelers,2012,11,2012-11-18,Baltimore Ravens
Pittsburgh Steelers,2012,12,2012-11-25,Cleveland Browns
Pittsburgh Steelers,2012,13,2012-12-02,Baltimore Ravens
Pittsburgh Steelers,2012,14,2012-12-09,San Diego Chargers
Pittsburgh Steelers,2012,15,2012-12-16,Dallas Cowboys
Pittsburgh Steelers,2012,16,2012-12-23,Cincinnati Bengals
Pittsburgh Steelers,2012,17,2012-12-30,Cleveland Browns
Pittsburgh Steelers,2013,1,2013-09-08,Tennessee Titans
Pittsburgh Steelers,2013,2,2013-09-16,Cincinnati Bengals
Pittsburgh Steelers,2013,3,2013-09-22,Chicago Bears
Pittsburgh Steelers,2013,4,2013-09-29,Minnesota Vikings
Pittsburgh Steelers,2013,6,2013-10-13,New York Jets
Pittsburgh Steelers,2013,7,2013-10-20,Baltimore Ravens
Pittsburgh Steelers,2013,8,2013-10-27,Oakland Raiders
Pittsburgh Steelers,2013,9,2013-11-03,New England Patriots
Pittsburgh Steelers,2013,10,2013-11-10,Buffalo Bills
Pittsburgh Steelers,2013,11,2013-11-17,Detroit Lions
Pittsburgh Steelers,2013,12,2013-11-24,Cleveland Browns
Pittsburgh Steelers,2013,13,2013-11-28,Baltimore Ravens
Pittsburgh Steelers,2013,14,2013-12-08,Miami Dolphins
Pittsburgh Steelers,2013,15,2013-12-15,Cincinnati Bengals
Pittsburgh Steelers,2013,16,2013-12-22,Green Bay Packers
Pittsburgh Steelers,2013,17,2013-12-29,Cleveland Browns
Pittsburgh Steelers,2014,1,2014-09-07,Cleveland Browns
Pittsburgh Steelers,2014,2,2014-09-11,Baltimore Ravens
Pittsburgh Steelers,2014,3,2014-09-21,Carolina Panthers
Pittsburgh Steelers,2014,4,2014-09-28,Tampa Bay Buccaneers
Pittsburgh Steelers,2014,5,2014-10-05,Jacksonville Jaguars
Pittsburgh Steelers,2014,6,2014-10-12,Cleveland Browns
Pittsburgh Steelers,2014,7,2014-10-20,Houston Texans
Pittsburgh Steelers,2014,8,2014-10-26,Indianapolis Colts
Pittsburgh Steelers,2014,9,2014-11-02,Baltimore Ravens
Pittsburgh Steelers,2014,10,2014-11-09,New York Jets
Pittsburgh Steelers,2014,11,2014-11-17,Tennessee Titans
Pittsburgh Steelers,2014,13,2014-11-30,New Orleans Saints
Pittsburgh Steelers,2014,14,2014-12-07,Cincinnati Bengals
Pittsburgh Steelers,2014,15,2014-12-14,Atlanta Falcons
Pittsburgh Steelers,2014,16,2014-12-21,Kansas City Chiefs
Pittsburgh Steelers,2014,17,2014-12-28,Cincinnati Bengals
Pittsburgh Steelers,2014,18,2015-01-03,Baltimore Ravens
Pittsburgh Steelers,2015,1,2015-09-10,New England Patriots
Pittsburgh Steelers,2015,2,2015-09-20,San Francisco 49ers
Pittsburgh Steelers,2015,3,2015-09-27,St. Louis Rams
Pittsburgh Steelers,2015,4,2015-10-01,Baltimore Ravens
Pittsburgh Steelers,2015,5,2015-10-12,San Diego Chargers
Pittsburgh Steelers,2015,6,2015-10-18,Arizona Cardinals
Pittsburgh Steelers,2015,7,2015-10-25,Kansas City Chiefs
Pittsburgh Steelers,2015,8,2015-11-01,Cincinnati Bengals
Pittsburgh Steelers,2015,9,2015-11-08,Oakland Raiders
Pittsburgh Steelers,2015,10,2015-11-15,Cleveland Browns
Pittsburgh Steelers,2015,12,2015-11-29,Seattle Seahawks
Pittsburgh Steelers,2015,13,2015-12-06,Indianapolis Colts
Pittsburgh Steelers,2015,14,2015-12-13,Cincinnati Bengals
Pittsburgh Steelers,2015,15,2015-12-20,Denver Broncos
Pittsburgh Steelers,2015,16,2015-12-27,Baltimore Ravens
Pittsburgh Steelers,2015,17,2016-01-03,Cleveland Browns
Pittsburgh Steelers,2015,18,2016-01-09,Cincinnati Bengals
Pittsburgh Steelers,2015,19,2016-01-17,Denver Broncos
Pittsburgh Steelers,2016,1,2016-09-12,Washington Redskins
Pittsburgh Steelers,2016,2,2016-09-18,Cincinnati Bengals
Pittsburgh Steelers,2016,3,2016-09-25,Philadelphia Eagles
Pittsburgh Steelers,2016,4,2016-10-02,Kansas City Chiefs
Pittsburgh Steelers,2016,5,2016-10-09,New York Jets
Pittsburgh Steelers,2016,6,2016-10-16,Miami Dolphins
Pittsburgh Steelers,2016,7,2016-10-23,New England Patriots
Pittsburgh Steelers,2016,9,2016-11-06,Baltimore Ravens
Pittsburgh Steelers,2016,10,2016-11-13,Dallas Cowboys
Pittsburgh Steelers,2016,11,2016-11-20,Cleveland Browns
Pittsburgh Steelers,2016,12,2016-11-24,Indianapolis Colts
Pittsburgh Steelers,2016,13,2016-12-04,New York Giants
Pittsburgh Steelers,2016,14,2016-12-11,Buffalo Bills
Pittsburgh Steelers,2016,15,2016-12-18,Cincinnati Bengals
Pittsburgh Steelers,2016,16,2016-12-25,Baltimore Ravens
Pittsburgh Steelers,2016,17,2017-01-01,Cleveland Browns
Pittsburgh Steelers,2016,18,2017-01-08,Miami Dolphins
Pittsburgh Steelers,2016,19,2017-01-15,Kansas City Chiefs
Pittsburgh Steelers,2016,20,2017-01-22,New England Patriots
Pittsburgh Steelers,2017,1,2017-09-10,Cleveland Browns
Pittsburgh Steelers,2017,2,2017-09-17,Minnesota Vikings
Pittsburgh Steelers,2017,3,2017-09-24,Chicago Bears
Pittsburgh Steelers,2017,4,2017-10-01,Baltimore Ravens
Pittsburgh Steelers,2017,5,2017-10-08,Jacksonville Jaguars
Pittsburgh Steelers,2017,6,2017-10-15,Kansas City Chiefs
Pittsburgh Steelers,2017,7,2017-10-22,Cincinnati Bengals
Pittsburgh Steelers,2017,8,2017-10-29,Detroit Lions
Pittsburgh Steelers,2017,10,2017-11-12,Indianapolis Colts
Pittsburgh Steelers,2017,11,2017-11-16,Tennessee Titans
Pittsburgh Steelers,2017,12,2017-11-26,Green Bay Packers
Pittsburgh Steelers,2017,13,2017-12-04,Cincinnati Bengals
Pittsburgh Steelers,2017,14,2017-12-10,Baltimore Ravens
Pittsburgh Steelers,2017,15,2017-12-17,New England Patriots
Pittsburgh Steelers,2017,16,2017-12-25,Houston Texans
Pittsburgh Steelers,2017,17,2017-12-31,Cleveland Browns
Pittsburgh Steelers,2017,18,2018-01-14,Jacksonville Jaguars
Pittsburgh Steelers,2018,1,2018-09-09,Cleveland Browns
Pittsburgh Steelers,2018,2,2018-09-16,Kansas City Chiefs
Pittsburgh Steelers,2018,3,2018-09-24,Tampa Bay Buccaneers
Pittsburgh Steelers,2018,4,2018-09-30,Baltimore Ravens
Pittsburgh Steelers,2018,5,2018-10-07,Atlanta Falcons
Pittsburgh Steelers,2018,6,2018-10-14,Cincinnati Bengals
Pittsburgh Steelers,2018,8,2018-10-28,Cleveland Browns
Pittsburgh Steelers,2018,9,2018-11-04,Baltimore Ravens
Pittsburgh Steelers,2018,10,2018-11-08,Carolina Panthers
Pittsburgh Steelers,2018,11,2018-11-18,Jacksonville Jaguars
Pittsburgh Steelers,2018,12,2018-11-25,Denver Broncos
Pittsburgh Steelers,2018,13,2018-12-02,Los Angeles Chargers
Pittsburgh Steelers,2018,14,2018-12-09,Oakland Raiders
Pittsburgh Steelers,2018,15,2018-12-16,New England Patriots
Pittsburgh Steelers,2018,16,2018-12-23,New Orleans Saints
Pittsburgh Steelers,2018,17,2018-12-30,Cincinnati Bengals
Pittsburgh Steelers,2019,1,2019-09-08,New England Patriots
Pittsburgh Steelers,2019,2,2019-09-15,Seattle Seahawks
Pittsburgh Steelers,2019,3,2019-09-22,San Francisco 49ers
Pittsburgh Steelers,2019,4,2019-09-30,Cincinnati Bengals
Pittsburgh Steelers,2019,5,2019-10-06,Baltimore Ravens
Pittsburgh Steelers,2019,6,2019-10-13,Los Angeles Chargers
Pittsburgh Steelers,2019,8,2019-10-28,Miami Dolphins
Pittsburgh Steelers,2019,9,2019-11-03,Indianapolis Colts
Pittsburgh Steelers,2019,10,2019-11-10,Los Angeles Rams
Pittsburgh Steelers,2019,11,2019-11-14,Cleveland Browns
Pittsburgh Steelers,2019,12,2019-11-24,Cincinnati Bengals
Pittsburgh Steelers,2019,13,2019-12-01,Cleveland Browns
Pittsburgh Steelers,2019,14,2019-12-08,Arizona Cardinals
Pittsburgh Steelers,2019,15,2019-12-15,Buffalo Bills
Pittsburgh Steelers,2019,16,2019-12-22,New York Jets
Pittsburgh Steelers,2019,17,2019-12-29,Baltimore Ravens
Pittsburgh Steelers,2020,1,2020-09-14,New York Giants
Pittsburgh Steelers,2020,2,2020-09-20,Denver Broncos
Pittsburgh Steelers,2020,3,2020-09-27,Houston Texans
Pittsburgh Steelers,2020,5,2020-10-11,Philadelphia Eagles
Pittsburgh Steelers,2020,6,2020-10-18,Cleveland Browns
Pittsburgh Steelers,2020,7,2020-10-25,Tennessee Titans
Pittsburgh Steelers,2020,8,2020-11-01,Baltimore Ravens
Pittsburgh Steelers,2020,9,2020-11-08,Dallas Cowboys
Pittsburgh Steelers,2020,10,2020-11-15,Cincinnati Bengals
Pittsburgh Steelers,2020,11,2020-11-22,Jacksonville Jaguars
Pittsburgh Steelers,2020,12,2020-12-02,Baltimore Ravens
Pittsburgh Steelers,2020,13,2020-12-07,Washington Football Team
Pittsburgh Steelers,2020,14,2020-12-13,Buffalo Bills
Pittsburgh Steelers,2020,15,2020-12-21,Cincinnati Bengals
Pittsburgh Steelers,2020,16,2020-12-27,Indianapolis Colts
Pittsburgh Steelers,2020,17,2021-01-03,Cleveland Browns
Pittsburgh Steelers,2020,18,2021-01-10,Cleveland Browns
Pittsburgh Steelers,2021,1,2021-09-12,Buffalo Bills
Pittsburgh Steelers,2021,2,2021-09-19,Las Vegas Raiders
Pittsburgh Steelers,2021,3,2021-09-26,Cincinnati Bengals
Pittsburgh Steelers,2021,4,2021-10-03,Green Bay Packers
Pittsburgh Steelers,2021,5,2021-10-10,Denver Broncos
Pittsburgh Steelers,2021,6,2021-10-17,Seattle Seahawks
Pittsburgh Steelers,2021,8,2021-10-31,Cleveland Browns
Pittsburgh Steelers,2021,9,2021-11-08,Chicago Bears
Pittsburgh Steelers,2021,10,2021-11-14,Detroit Lions
Pittsburgh Steelers,2021,11,2021-11-21,Los Angeles Chargers
Pittsburgh Steelers,2021,12,2021-11-28,Cincinnati Bengals
Pittsburgh Steelers,2021,13,2021-12-05,Baltimore Ravens
Pittsburgh Steelers,2021,14,2021-12-09,Minnesota Vikings
Pittsburgh Steelers,2021,15,2021-12-19,Tennessee Titans
Pittsburgh Steelers,2021,16,2021-12-26,Kansas City Chiefs
Pittsburgh Steelers,2021,17,2022-01-03,Cleveland Browns
Pittsburgh Steelers,2021,18,2022-01-09,Baltimore Ravens
Pittsburgh Steelers,2021,19,2022-01-16,Kansas City Chiefs
Pittsburgh Steelers,2022,1,2022-09-11,Cincinnati Bengals
Pittsburgh Steelers,2022,2,2022-09-18,New England Patriots
Pittsburgh Steelers,2022,3,2022-09-22,Cleveland Browns
Pittsburgh Steelers,2022,4,2022-10-02,New York Jets
Pittsburgh Steelers,2022,5,2022-10-09,Buffalo Bills
Pittsburgh Steelers,2022,6,2022-10-16,Tampa Bay Buccaneers
Pittsburgh Steelers,2022,7,2022-10-23,Miami Dolphins
Pittsburgh Steelers,2022,8,2022-10-30,Philadelphia Eagles
Pittsburgh Steelers,2022,10,2022-11-13,New Orleans Saints
Pittsburgh Steelers,2022,11,2022-11-20,Cincinnati Bengals
Pittsburgh Steelers,2022,12,2022-11-28,Indianapolis Colts
Pittsburgh Steelers,2022,13,2022-12-04,Atlanta Falcons
Pittsburgh Steelers,2022,14,2022-12-11,Baltimore Ravens
Pittsburgh Steelers,2022,15,2022-12-18,Carolina Panthers
Pittsburgh Steelers,2022,16,2022-12-24,Las Vegas Raiders
Pittsburgh Steelers,2022,17,2023-01-01,Baltimore Ravens
Pittsburgh Steelers,2022,18,2023-01-08,Cleveland Browns
Pittsburgh Steelers,2023,1,2023-09-10,San Francisco 49ers
Pittsburgh Steelers,2023,2,2023-09-18,Cleveland Browns
Pittsburgh Steelers,2023,3,2023-09-24,Las Vegas Raiders
Pittsburgh Steelers,2023,4,2023-10-01,Houston Texans
Pittsburgh Steelers,2023,5,2023-10-08,Baltimore Ravens
Pittsburgh Steelers,2023,7,2023-10-22,Los Angeles Rams
Pittsburgh Steelers,2023,8,2023-10-29,Jacksonville Jaguars
Pittsburgh Steelers,2023,9,2023-11-02,Tennessee Titans
Pittsburgh Steelers,2023,10,2023-11-12,Green Bay Packers
Pittsburgh Steelers,2023,11,2023-11-19,Cleveland Browns
Pittsburgh Steelers,2023,12,2023-11-26,Cincinnati Bengals
Pittsburgh Steelers,2023,13,2023-12-03,Arizona Cardinals
Pittsburgh Steelers,2023,14,2023-12-07,New England Patriots
Pittsburgh Steelers,2023,15,2023-12-16,Indianapolis Colts
Pittsburgh Steelers,2023,16,2023-12-23,Cincinnati Bengals
Pittsburgh Steelers,2023,17,2023-12-31,Seattle Seahawks
Pittsburgh Steelers,2023,18,2024-01-06,Baltimore Ravens
Pittsburgh Steelers,2023,19,2024-01-15,Buffalo Bills
Pittsburgh Steelers,2024,1,2024-09-08,Atlanta Falcons
Pittsburgh Steelers,2024,2,2024-09-15,Denver Broncos
Pittsburgh Steelers,2024,3,2024-09-22,Los Angeles Chargers
Pittsburgh Steelers,2024,4,2024-09-29,Indianapolis Colts
Pittsburgh Steelers,2024,5,2024-10-06,Dallas Cowboys
Pittsburgh Steelers,2024,6,2024-10-13,Las Vegas Raiders
Pittsburgh Steelers,2024,7,2024-10-20,New York Jets
Pittsburgh Steelers,2024,8,2024-10-28,New York Giants
Pittsburgh Steelers,2024,10,2024-11-10,Washington Commanders
Pittsburgh Steelers,2024,11,2024-11-17,Baltimore Ravens
Pittsburgh Steelers,2024,12,2024-11-21,Cleveland Browns
Pittsburgh Steelers,2024,13,2024-12-01,Cincinnati Bengals
Pittsburgh Steelers,2024,14,2024-12-08,Cleveland Browns
Pittsburgh Steelers,2024,15,2024-12-15,Philadelphia Eagles
Pittsburgh Steelers,2024,16,2024-12-21,Baltimore Ravens
Pittsburgh Steelers,2024,17,2024-12-25,Kansas City Chiefs
Pittsburgh Steelers,2024,18,2025-01-04,Cincinnati Bengals
Pittsburgh Steelers,2024,19,2025-01-11,Baltimore Ravens
