Team,Season,Week,Date,Opp
Seattle Seahawks,1978,1,1978-09-03,San Diego Chargers
Seattle Seahawks,1978,2,1978-09-10,Pittsburgh Steelers
Seattle Seahawks,1978,3,1978-09-17,New York Jets
Seattle Seahawks,1978,4,1978-09-24,Detroit Lions
Seattle Seahawks,1978,5,1978-10-01,Denver Broncos
Seattle Seahawks,1978,6,1978-10-08,Minnesota Vikings
Seattle Seahawks,1978,7,1978-10-15,Green Bay Packers
Seattle Seahawks,1978,8,1978-10-22,Oakland Raiders
Seattle Seahawks,1978,9,1978-10-29,Denver Broncos
Seattle Seahawks,1978,10,1978-11-05,Chicago Bears
Seattle Seahawks,1978,11,1978-11-12,Baltimore Colts
Seattle Seahawks,1978,12,1978-11-19,Kansas City Chiefs
Seattle Seahawks,1978,13,1978-11-26,Oakland Raiders
Seattle Seahawks,1978,14,1978-12-03,Cleveland Browns
Seattle Seahawks,1978,15,1978-12-10,San Diego Chargers
Seattle Seahawks,1978,16,1978-12-17,Kansas City Chiefs
Seattle Seahawks,1979,1,1979-09-02,San Diego Chargers
Seattle Seahawks,1979,2,1979-09-09,Miami Dolphins
Seattle Seahawks,1979,3,1979-09-16,Oakland Raiders
Seattle Seahawks,1979,4,1979-09-23,Denver Broncos
Seattle Seahawks,1979,5,1979-09-30,Kansas City Chiefs
Seattle Seahawks,1979,6,1979-10-07,San Francisco 49ers
Seattle Seahawks,1979,7,1979-10-14,San Diego Chargers
Seattle Seahawks,1979,8,1979-10-21,Houston Oilers
Seattle Seahawks,1979,9,1979-10-29,Atlanta Falcons
Seattle Seahawks,1979,10,1979-11-04,Los Angeles Rams
Seattle Seahawks,1979,11,1979-11-11,Cleveland Browns
Seattle Seahawks,1979,12,1979-11-18,New Orleans Saints
Seattle Seahawks,1979,13,1979-11-26,New York Jets
Seattle Seahawks,1979,14,1979-12-02,Kansas City Chiefs
Seattle Seahawks,1979,15,1979-12-08,Denver Broncos
Seattle Seahawks,1979,16,1979-12-16,Oakland Raiders
Seattle Seahawks,1980,1,1980-09-07,San Diego Chargers
Seattle Seahawks,1980,2,1980-09-14,Kansas City Chiefs
Seattle Seahawks,1980,3,1980-09-21,New England Patriots
Seattle Seahawks,1980,4,1980-09-28,Washington Redskins
Seattle Seahawks,1980,5,1980-10-05,Houston Oilers
Seattle Seahawks,1980,6,1980-10-12,Cleveland Browns
Seattle Seahawks,1980,7,1980-10-19,New York Jets
Seattle Seahawks,1980,8,1980-10-26,Oakland Raiders
Seattle Seahawks,1980,9,1980-11-02,Philadelphia Eagles
Seattle Seahawks,1980,10,1980-11-09,Kansas City Chiefs
Seattle Seahawks,1980,11,1980-11-17,Oakland Raiders
Seattle Seahawks,1980,12,1980-11-23,Denver Broncos
Seattle Seahawks,1980,13,1980-11-27,Dallas Cowboys
Seattle Seahawks,1980,14,1980-12-07,New York Giants
Seattle Seahawks,1980,15,1980-12-13,San Diego Chargers
Seattle Seahawks,1980,16,1980-12-21,Denver Broncos
Seattle Seahawks,1981,1,1981-09-06,Cincinnati Bengals
Seattle Seahawks,1981,2,1981-09-13,Denver Broncos
Seattle Seahawks,1981,3,1981-09-20,Oakland Raiders
Seattle Seahawks,1981,4,1981-09-27,Kansas City Chiefs
Seattle Seahawks,1981,5,1981-10-04,San Diego Chargers
Seattle Seahawks,1981,6,1981-10-11,Houston Oilers
Seattle Seahawks,1981,7,1981-10-18,New York Giants
Seattle Seahawks,1981,8,1981-10-25,New York Jets
Seattle Seahawks,1981,9,1981-11-01,Green Bay Packers
Seattle Seahawks,1981,10,1981-11-08,Pittsburgh Steelers
Seattle Seahawks,1981,11,1981-11-16,San Diego Chargers
Seattle Seahawks,1981,12,1981-11-22,Kansas City Chiefs
Seattle Seahawks,1981,13,1981-11-29,Oakland Raiders
Seattle Seahawks,1981,14,1981-12-06,New York Jets
Seattle Seahawks,1981,15,1981-12-13,Denver Broncos
Seattle Seahawks,1981,16,1981-12-20,Cleveland Browns
Seattle Seahawks,1982,1,1982-09-12,Cleveland Browns
Seattle Seahawks,1982,2,1982-09-19,Houston Oilers
Seattle Seahawks,1982,11,1982-11-21,Denver Broncos
Seattle Seahawks,1982,12,1982-11-28,Pittsburgh Steelers
Seattle Seahawks,1982,13,1982-12-05,Los Angeles Raiders
Seattle Seahawks,1982,14,1982-12-12,Chicago Bears
Seattle Seahawks,1982,15,1982-12-19,New England Patriots
Seattle Seahawks,1982,16,1982-12-26,Cincinnati Bengals
Seattle Seahawks,1982,17,1983-01-02,Denver Broncos
Seattle Seahawks,1983,1,1983-09-04,Kansas City Chiefs
Seattle Seahawks,1983,2,1983-09-11,New York Jets
Seattle Seahawks,1983,3,1983-09-18,San Diego Chargers
Seattle Seahawks,1983,4,1983-09-25,Washington Redskins
Seattle Seahawks,1983,5,1983-10-02,Cleveland Browns
Seattle Seahawks,1983,6,1983-10-09,San Diego Chargers
Seattle Seahawks,1983,7,1983-10-16,Los Angeles Raiders
Seattle Seahawks,1983,8,1983-10-23,Pittsburgh Steelers
Seattle Seahawks,1983,9,1983-10-30,Los Angeles Raiders
Seattle Seahawks,1983,10,1983-11-06,Denver Broncos
Seattle Seahawks,1983,11,1983-11-13,St. Louis Cardinals
Seattle Seahawks,1983,12,1983-11-20,Denver Broncos
Seattle Seahawks,1983,13,1983-11-27,Kansas City Chiefs
Seattle Seahawks,1983,14,1983-12-04,Dallas Cowboys
Seattle Seahawks,1983,15,1983-12-11,New York Giants
Seattle Seahawks,1983,16,1983-12-18,New England Patriots
Seattle Seahawks,1983,17,1983-12-24,Denver Broncos
Seattle Seahawks,1983,18,1983-12-31,Miami Dolphins
Seattle Seahawks,1983,19,1984-01-08,Los Angeles Raiders
Seattle Seahawks,1984,1,1984-09-03,Cleveland Browns
Seattle Seahawks,1984,2,1984-09-09,San Diego Chargers
Seattle Seahawks,1984,3,1984-09-16,New England Patriots
Seattle Seahawks,1984,4,1984-09-23,Chicago Bears
Seattle Seahawks,1984,5,1984-09-30,Minnesota Vikings
Seattle Seahawks,1984,6,1984-10-07,Los Angeles Raiders
Seattle Seahawks,1984,7,1984-10-14,Buffalo Bills
Seattle Seahawks,1984,8,1984-10-21,Green Bay Packers
Seattle Seahawks,1984,9,1984-10-29,San Diego Chargers
Seattle Seahawks,1984,10,1984-11-04,Kansas City Chiefs
Seattle Seahawks,1984,11,1984-11-12,Los Angeles Raiders
Seattle Seahawks,1984,12,1984-11-18,Cincinnati Bengals
Seattle Seahawks,1984,13,1984-11-25,Denver Broncos
Seattle Seahawks,1984,14,1984-12-02,Detroit Lions
Seattle Seahawks,1984,15,1984-12-09,Kansas City Chiefs
Seattle Seahawks,1984,16,1984-12-15,Denver Broncos
Seattle Seahawks,1984,17,1984-12-22,Los Angeles Raiders
Seattle Seahawks,1984,18,1984-12-29,Miami Dolphins
Seattle Seahawks,1985,1,1985-09-08,Cincinnati Bengals
Seattle Seahawks,1985,2,1985-09-15,San Diego Chargers
Seattle Seahawks,1985,3,1985-09-23,Los Angeles Rams
Seattle Seahawks,1985,4,1985-09-29,Kansas City Chiefs
Seattle Seahawks,1985,5,1985-10-06,San Diego Chargers
Seattle Seahawks,1985,6,1985-10-13,Atlanta Falcons
Seattle Seahawks,1985,7,1985-10-20,Denver Broncos
Seattle Seahawks,1985,8,1985-10-27,New York Jets
Seattle Seahawks,1985,9,1985-11-03,Los Angeles Raiders
Seattle Seahawks,1985,10,1985-11-10,New Orleans Saints
Seattle Seahawks,1985,11,1985-11-17,New England Patriots
Seattle Seahawks,1985,12,1985-11-25,San Francisco 49ers
Seattle Seahawks,1985,13,1985-12-01,Kansas City Chiefs
Seattle Seahawks,1985,14,1985-12-08,Cleveland Browns
Seattle Seahawks,1985,15,1985-12-15,Los Angeles Raiders
Seattle Seahawks,1985,16,1985-12-20,Denver Broncos
Seattle Seahawks,1986,1,1986-09-07,Pittsburgh Steelers
Seattle Seahawks,1986,2,1986-09-14,Kansas City Chiefs
Seattle Seahawks,1986,3,1986-09-21,New England Patriots
Seattle Seahawks,1986,4,1986-09-28,Washington Redskins
Seattle Seahawks,1986,5,1986-10-06,San Diego Chargers
Seattle Seahawks,1986,6,1986-10-12,Los Angeles Raiders
Seattle Seahawks,1986,7,1986-10-19,New York Giants
Seattle Seahawks,1986,8,1986-10-26,Denver Broncos
Seattle Seahawks,1986,9,1986-11-02,New York Jets
Seattle Seahawks,1986,10,1986-11-09,Kansas City Chiefs
Seattle Seahawks,1986,11,1986-11-16,Cincinnati Bengals
Seattle Seahawks,1986,12,1986-11-23,Philadelphia Eagles
Seattle Seahawks,1986,13,1986-11-27,Dallas Cowboys
Seattle Seahawks,1986,14,1986-12-08,Los Angeles Raiders
Seattle Seahawks,1986,15,1986-12-14,San Diego Chargers
Seattle Seahawks,1986,16,1986-12-20,Denver Broncos
Seattle Seahawks,1987,1,1987-09-13,Denver Broncos
Seattle Seahawks,1987,2,1987-09-20,Kansas City Chiefs
Seattle Seahawks,1987,4,1987-10-04,Miami Dolphins
Seattle Seahawks,1987,5,1987-10-11,Cincinnati Bengals
Seattle Seahawks,1987,6,1987-10-18,Detroit Lions
Seattle Seahawks,1987,7,1987-10-25,Los Angeles Raiders
Seattle Seahawks,1987,8,1987-11-01,Minnesota Vikings
Seattle Seahawks,1987,9,1987-11-09,New York Jets
Seattle Seahawks,1987,10,1987-11-15,Green Bay Packers
Seattle Seahawks,1987,11,1987-11-22,San Diego Chargers
Seattle Seahawks,1987,12,1987-11-30,Los Angeles Raiders
Seattle Seahawks,1987,13,1987-12-06,Pittsburgh Steelers
Seattle Seahawks,1987,14,1987-12-13,Denver Broncos
Seattle Seahawks,1987,15,1987-12-20,Chicago Bears
Seattle Seahawks,1987,16,1987-12-27,Kansas City Chiefs
Seattle Seahawks,1987,17,1988-01-03,Houston Oilers
Seattle Seahawks,1988,1,1988-09-04,Denver Broncos
Seattle Seahawks,1988,2,1988-09-11,Kansas City Chiefs
Seattle Seahawks,1988,3,1988-09-18,San Diego Chargers
Seattle Seahawks,1988,4,1988-09-25,San Francisco 49ers
Seattle Seahawks,1988,5,1988-10-02,Atlanta Falcons
Seattle Seahawks,1988,6,1988-10-09,Cleveland Browns
Seattle Seahawks,1988,7,1988-10-16,New Orleans Saints
Seattle Seahawks,1988,8,1988-10-23,Los Angeles Rams
Seattle Seahawks,1988,9,1988-10-30,San Diego Chargers
Seattle Seahawks,1988,10,1988-11-06,Buffalo Bills
Seattle Seahawks,1988,11,1988-11-13,Houston Oilers
Seattle Seahawks,1988,12,1988-11-20,Kansas City Chiefs
Seattle Seahawks,1988,13,1988-11-28,Los Angeles Raiders
Seattle Seahawks,1988,14,1988-12-04,New England Patriots
Seattle Seahawks,1988,15,1988-12-11,Denver Broncos
Seattle Seahawks,1988,16,1988-12-18,Los Angeles Raiders
Seattle Seahawks,1988,17,1988-12-31,Cincinnati Bengals
Seattle Seahawks,1989,1,1989-09-10,Philadelphia Eagles
Seattle Seahawks,1989,2,1989-09-17,Phoenix Cardinals
Seattle Seahawks,1989,3,1989-09-24,New England Patriots
Seattle Seahawks,1989,4,1989-10-01,Los Angeles Raiders
Seattle Seahawks,1989,5,1989-10-08,Kansas City Chiefs
Seattle Seahawks,1989,6,1989-10-15,San Diego Chargers
Seattle Seahawks,1989,7,1989-10-22,Denver Broncos
Seattle Seahawks,1989,8,1989-10-29,San Diego Chargers
Seattle Seahawks,1989,9,1989-11-05,Kansas City Chiefs
Seattle Seahawks,1989,10,1989-11-12,Cleveland Browns
Seattle Seahawks,1989,11,1989-11-19,New York Giants
Seattle Seahawks,1989,12,1989-11-26,Denver Broncos
Seattle Seahawks,1989,13,1989-12-04,Buffalo Bills
Seattle Seahawks,1989,14,1989-12-10,Cincinnati Bengals
Seattle Seahawks,1989,15,1989-12-17,Los Angeles Raiders
Seattle Seahawks,1989,16,1989-12-23,Washington Redskins
Seattle Seahawks,1990,1,1990-09-09,Chicago Bears
Seattle Seahawks,1990,2,1990-09-16,Los Angeles Raiders
Seattle Seahawks,1990,3,1990-09-23,Denver Broncos
Seattle Seahawks,1990,4,1990-10-01,Cincinnati Bengals
Seattle Seahawks,1990,5,1990-10-07,New England Patriots
Seattle Seahawks,1990,6,1990-10-14,Los Angeles Raiders
Seattle Seahawks,1990,7,1990-10-21,Kansas City Chiefs
Seattle Seahawks,1990,9,1990-11-04,San Diego Chargers
Seattle Seahawks,1990,10,1990-11-11,Kansas City Chiefs
Seattle Seahawks,1990,11,1990-11-18,Minnesota Vikings
Seattle Seahawks,1990,12,1990-11-25,San Diego Chargers
Seattle Seahawks,1990,13,1990-12-02,Houston Oilers
Seattle Seahawks,1990,14,1990-12-09,Green Bay Packers
Seattle Seahawks,1990,15,1990-12-16,Miami Dolphins
Seattle Seahawks,1990,16,1990-12-23,Denver Broncos
Seattle Seahawks,1990,17,1990-12-30,Detroit Lions
Seattle Seahawks,1991,1,1991-09-01,New Orleans Saints
Seattle Seahawks,1991,2,1991-09-08,New York Jets
Seattle Seahawks,1991,3,1991-09-15,Denver Broncos
Seattle Seahawks,1991,4,1991-09-22,Kansas City Chiefs
Seattle Seahawks,1991,5,1991-09-29,Indianapolis Colts
Seattle Seahawks,1991,6,1991-10-06,Cincinnati Bengals
Seattle Seahawks,1991,7,1991-10-13,Los Angeles Raiders
Seattle Seahawks,1991,8,1991-10-20,Pittsburgh Steelers
Seattle Seahawks,1991,9,1991-10-27,San Diego Chargers
Seattle Seahawks,1991,11,1991-11-10,San Diego Chargers
Seattle Seahawks,1991,12,1991-11-17,Los Angeles Raiders
Seattle Seahawks,1991,13,1991-11-24,Denver Broncos
Seattle Seahawks,1991,14,1991-12-01,Kansas City Chiefs
Seattle Seahawks,1991,15,1991-12-08,San Francisco 49ers
Seattle Seahawks,1991,16,1991-12-15,Atlanta Falcons
Seattle Seahawks,1991,17,1991-12-22,Los Angeles Rams
Seattle Seahawks,1992,1,1992-09-06,Cincinnati Bengals
Seattle Seahawks,1992,2,1992-09-13,Kansas City Chiefs
Seattle Seahawks,1992,3,1992-09-20,New England Patriots
Seattle Seahawks,1992,4,1992-09-27,Miami Dolphins
Seattle Seahawks,1992,5,1992-10-04,San Diego Chargers
Seattle Seahawks,1992,6,1992-10-11,Dallas Cowboys
Seattle Seahawks,1992,7,1992-10-18,Los Angeles Raiders
Seattle Seahawks,1992,8,1992-10-25,New York Giants
Seattle Seahawks,1992,10,1992-11-08,Washington Redskins
Seattle Seahawks,1992,11,1992-11-15,Los Angeles Raiders
Seattle Seahawks,1992,12,1992-11-22,Kansas City Chiefs
Seattle Seahawks,1992,13,1992-11-30,Denver Broncos
Seattle Seahawks,1992,14,1992-12-06,Pittsburgh Steelers
Seattle Seahawks,1992,15,1992-12-13,Philadelphia Eagles
Seattle Seahawks,1992,16,1992-12-20,Denver Broncos
Seattle Seahawks,1992,17,1992-12-27,San Diego Chargers
Seattle Seahawks,1993,1,1993-09-05,San Diego Chargers
Seattle Seahawks,1993,2,1993-09-12,Los Angeles Raiders
Seattle Seahawks,1993,3,1993-09-19,New England Patriots
Seattle Seahawks,1993,4,1993-09-26,Cincinnati Bengals
Seattle Seahawks,1993,5,1993-10-03,San Diego Chargers
Seattle Seahawks,1993,7,1993-10-17,Detroit Lions
Seattle Seahawks,1993,8,1993-10-24,New England Patriots
Seattle Seahawks,1993,9,1993-10-31,Denver Broncos
Seattle Seahawks,1993,10,1993-11-07,Houston Oilers
Seattle Seahawks,1993,11,1993-11-14,Cleveland Browns
Seattle Seahawks,1993,13,1993-11-28,Denver Broncos
Seattle Seahawks,1993,14,1993-12-05,Kansas City Chiefs
Seattle Seahawks,1993,15,1993-12-12,Los Angeles Raiders
Seattle Seahawks,1993,16,1993-12-19,Phoenix Cardinals
Seattle Seahawks,1993,17,1993-12-26,Pittsburgh Steelers
Seattle Seahawks,1993,18,1994-01-02,Kansas City Chiefs
Seattle Seahawks,1994,1,1994-09-04,Washington Redskins
Seattle Seahawks,1994,2,1994-09-11,Los Angeles Raiders
Seattle Seahawks,1994,3,1994-09-18,San Diego Chargers
Seattle Seahawks,1994,4,1994-09-25,Pittsburgh Steelers
Seattle Seahawks,1994,5,1994-10-02,Indianapolis Colts
Seattle Seahawks,1994,6,1994-10-09,Denver Broncos
Seattle Seahawks,1994,8,1994-10-23,Kansas City Chiefs
Seattle Seahawks,1994,9,1994-10-30,San Diego Chargers
Seattle Seahawks,1994,10,1994-11-06,Cincinnati Bengals
Seattle Seahawks,1994,11,1994-11-13,Denver Broncos
Seattle Seahawks,1994,12,1994-11-20,Tampa Bay Buccaneers
Seattle Seahawks,1994,13,1994-11-27,Kansas City Chiefs
Seattle Seahawks,1994,14,1994-12-04,Indianapolis Colts
Seattle Seahawks,1994,15,1994-12-11,Houston Oilers
Seattle Seahawks,1994,16,1994-12-18,Los Angeles Raiders
Seattle Seahawks,1994,17,1994-12-24,Cleveland Browns
Seattle Seahawks,1995,1,1995-09-03,Kansas City Chiefs
Seattle Seahawks,1995,2,1995-09-10,San Diego Chargers
Seattle Seahawks,1995,3,1995-09-17,Cincinnati Bengals
Seattle Seahawks,1995,5,1995-10-01,Denver Broncos
Seattle Seahawks,1995,6,1995-10-08,Oakland Raiders
Seattle Seahawks,1995,7,1995-10-15,Buffalo Bills
Seattle Seahawks,1995,8,1995-10-22,San Diego Chargers
Seattle Seahawks,1995,9,1995-10-29,Arizona Cardinals
Seattle Seahawks,1995,10,1995-11-05,New York Giants
Seattle Seahawks,1995,11,1995-11-12,Jacksonville Jaguars
Seattle Seahawks,1995,12,1995-11-19,Washington Redskins
Seattle Seahawks,1995,13,1995-11-26,New York Jets
Seattle Seahawks,1995,14,1995-12-03,Philadelphia Eagles
Seattle Seahawks,1995,15,1995-12-10,Denver Broncos
Seattle Seahawks,1995,16,1995-12-17,Oakland Raiders
Seattle Seahawks,1995,17,1995-12-24,Kansas City Chiefs
Seattle Seahawks,1996,1,1996-09-01,San Diego Chargers
Seattle Seahawks,1996,2,1996-09-08,Denver Broncos
Seattle Seahawks,1996,3,1996-09-15,Kansas City Chiefs
Seattle Seahawks,1996,4,1996-09-22,Tampa Bay Buccaneers
Seattle Seahawks,1996,5,1996-09-29,Green Bay Packers
Seattle Seahawks,1996,6,1996-10-06,Miami Dolphins
Seattle Seahawks,1996,8,1996-10-17,Kansas City Chiefs
Seattle Seahawks,1996,9,1996-10-27,San Diego Chargers
Seattle Seahawks,1996,10,1996-11-03,Houston Oilers
Seattle Seahawks,1996,11,1996-11-10,Minnesota Vikings
Seattle Seahawks,1996,12,1996-11-17,Detroit Lions
Seattle Seahawks,1996,13,1996-11-24,Oakland Raiders
Seattle Seahawks,1996,14,1996-12-01,Denver Broncos
Seattle Seahawks,1996,15,1996-12-08,Buffalo Bills
Seattle Seahawks,1996,16,1996-12-15,Jacksonville Jaguars
Seattle Seahawks,1996,17,1996-12-22,Oakland Raiders
Seattle Seahawks,1997,1,1997-08-31,New York Jets
Seattle Seahawks,1997,2,1997-09-07,Denver Broncos
Seattle Seahawks,1997,3,1997-09-14,Indianapolis Colts
Seattle Seahawks,1997,4,1997-09-21,San Diego Chargers
Seattle Seahawks,1997,5,1997-09-28,Kansas City Chiefs
Seattle Seahawks,1997,6,1997-10-05,Tennessee Oilers
Seattle Seahawks,1997,8,1997-10-19,St. Louis Rams
Seattle Seahawks,1997,9,1997-10-26,Oakland Raiders
Seattle Seahawks,1997,10,1997-11-02,Denver Broncos
Seattle Seahawks,1997,11,1997-11-09,San Diego Chargers
Seattle Seahawks,1997,12,1997-11-16,New Orleans Saints
Seattle Seahawks,1997,13,1997-11-23,Kansas City Chiefs
Seattle Seahawks,1997,14,1997-11-30,Atlanta Falcons
Seattle Seahawks,1997,15,1997-12-07,Baltimore Ravens
Seattle Seahawks,1997,16,1997-12-14,Oakland Raiders
Seattle Seahawks,1997,17,1997-12-21,San Francisco 49ers
Seattle Seahawks,1998,1,1998-09-06,Philadelphia Eagles
Seattle Seahawks,1998,2,1998-09-13,Arizona Cardinals
Seattle Seahawks,1998,3,1998-09-20,Washington Redskins
Seattle Seahawks,1998,4,1998-09-27,Pittsburgh Steelers
Seattle Seahawks,1998,5,1998-10-04,Kansas City Chiefs
Seattle Seahawks,1998,6,1998-10-11,Denver Broncos
Seattle Seahawks,1998,8,1998-10-25,San Diego Chargers
Seattle Seahawks,1998,9,1998-11-01,Oakland Raiders
Seattle Seahawks,1998,10,1998-11-08,Kansas City Chiefs
Seattle Seahawks,1998,11,1998-11-15,Oakland Raiders
Seattle Seahawks,1998,12,1998-11-22,Dallas Cowboys
Seattle Seahawks,1998,13,1998-11-29,Tennessee Oilers
Seattle Seahawks,1998,14,1998-12-06,New York Jets
Seattle Seahawks,1998,15,1998-12-13,San Diego Chargers
Seattle Seahawks,1998,16,1998-12-20,Indianapolis Colts
Seattle Seahawks,1998,17,1998-12-27,Denver Broncos
Seattle Seahawks,1999,1,1999-09-12,Detroit Lions
Seattle Seahawks,1999,2,1999-09-19,Chicago Bears
Seattle Seahawks,1999,3,1999-09-26,Pittsburgh Steelers
Seattle Seahawks,1999,4,1999-10-03,Oakland Raiders
Seattle Seahawks,1999,6,1999-10-17,San Diego Chargers
Seattle Seahawks,1999,7,1999-10-24,Buffalo Bills
Seattle Seahawks,1999,8,1999-11-01,Green Bay Packers
Seattle Seahawks,1999,9,1999-11-07,Cincinnati Bengals
Seattle Seahawks,1999,10,1999-11-14,Denver Broncos
Seattle Seahawks,1999,11,1999-11-21,Kansas City Chiefs
Seattle Seahawks,1999,12,1999-11-28,Tampa Bay Buccaneers
Seattle Seahawks,1999,13,1999-12-05,Oakland Raiders
Seattle Seahawks,1999,14,1999-12-12,San Diego Chargers
Seattle Seahawks,1999,15,1999-12-19,Denver Broncos
Seattle Seahawks,1999,16,1999-12-26,Kansas City Chiefs
Seattle Seahawks,1999,17,2000-01-02,New York Jets
Seattle Seahawks,1999,18,2000-01-09,Miami Dolphins
Seattle Seahawks,2000,1,2000-09-03,Miami Dolphins
Seattle Seahawks,2000,2,2000-09-10,St. Louis Rams
Seattle Seahawks,2000,3,2000-09-17,New Orleans Saints
Seattle Seahawks,2000,4,2000-09-24,San Diego Chargers
Seattle Seahawks,2000,5,2000-10-02,Kansas City Chiefs
Seattle Seahawks,2000,6,2000-10-08,Carolina Panthers
Seattle Seahawks,2000,7,2000-10-15,Indianapolis Colts
Seattle Seahawks,2000,8,2000-10-22,Oakland Raiders
Seattle Seahawks,2000,9,2000-10-29,Kansas City Chiefs
Seattle Seahawks,2000,10,2000-11-05,San Diego Chargers
Seattle Seahawks,2000,11,2000-11-12,Jacksonville Jaguars
Seattle Seahawks,2000,13,2000-11-26,Denver Broncos
Seattle Seahawks,2000,14,2000-12-03,Atlanta Falcons
Seattle Seahawks,2000,15,2000-12-10,Denver Broncos
Seattle Seahawks,2000,16,2000-12-16,Oakland Raiders
Seattle Seahawks,2000,17,2000-12-23,Buffalo Bills
Seattle Seahawks,2001,1,2001-09-09,Cleveland Browns
Seattle Seahawks,2001,2,2001-09-23,Philadelphia Eagles
Seattle Seahawks,2001,3,2001-09-30,Oakland Raiders
Seattle Seahawks,2001,4,2001-10-07,Jacksonville Jaguars
Seattle Seahawks,2001,5,2001-10-14,Denver Broncos
Seattle Seahawks,2001,7,2001-10-28,Miami Dolphins
Seattle Seahawks,2001,8,2001-11-04,Washington Redskins
Seattle Seahawks,2001,9,2001-11-11,Oakland Raiders
Seattle Seahawks,2001,10,2001-11-18,Buffalo Bills
Seattle Seahawks,2001,11,2001-11-25,Kansas City Chiefs
Seattle Seahawks,2001,12,2001-12-02,San Diego Chargers
Seattle Seahawks,2001,13,2001-12-09,Denver Broncos
Seattle Seahawks,2001,14,2001-12-16,Dallas Cowboys
Seattle Seahawks,2001,15,2001-12-23,New York Giants
Seattle Seahawks,2001,16,2001-12-30,San Diego Chargers
Seattle Seahawks,2001,17,2002-01-06,Kansas City Chiefs
Seattle Seahawks,2002,1,2002-09-08,Oakland Raiders
Seattle Seahawks,2002,2,2002-09-15,Arizona Cardinals
Seattle Seahawks,2002,3,2002-09-22,New York Giants
Seattle Seahawks,2002,4,2002-09-29,Minnesota Vikings
Seattle Seahawks,2002,6,2002-10-14,San Francisco 49ers
Seattle Seahawks,2002,7,2002-10-20,St. Louis Rams
Seattle Seahawks,2002,8,2002-10-27,Dallas Cowboys
Seattle Seahawks,2002,9,2002-11-03,Washington Redskins
Seattle Seahawks,2002,10,2002-11-10,Arizona Cardinals
Seattle Seahawks,2002,11,2002-11-17,Denver Broncos
Seattle Seahawks,2002,12,2002-11-24,Kansas City Chiefs
Seattle Seahawks,2002,13,2002-12-01,San Francisco 49ers
Seattle Seahawks,2002,14,2002-12-08,Philadelphia Eagles
Seattle Seahawks,2002,15,2002-12-15,Atlanta Falcons
Seattle Seahawks,2002,16,2002-12-22,St. Louis Rams
Seattle Seahawks,2002,17,2002-12-29,San Diego Chargers
Seattle Seahawks,2003,1,2003-09-07,New Orleans Saints
Seattle Seahawks,2003,2,2003-09-14,Arizona Cardinals
Seattle Seahawks,2003,3,2003-09-21,St. Louis Rams
Seattle Seahawks,2003,5,2003-10-05,Green Bay Packers
Seattle Seahawks,2003,6,2003-10-12,San Francisco 49ers
Seattle Seahawks,2003,7,2003-10-19,Chicago Bears
Seattle Seahawks,2003,8,2003-10-26,Cincinnati Bengals
Seattle Seahawks,2003,9,2003-11-02,Pittsburgh Steelers
Seattle Seahawks,2003,10,2003-11-09,Washington Redskins
Seattle Seahawks,2003,11,2003-11-16,Detroit Lions
Seattle Seahawks,2003,12,2003-11-23,Baltimore Ravens
Seattle Seahawks,2003,13,2003-11-30,Cleveland Browns
Seattle Seahawks,2003,14,2003-12-07,Minnesota Vikings
Seattle Seahawks,2003,15,2003-12-14,St. Louis Rams
Seattle Seahawks,2003,16,2003-12-21,Arizona Cardinals
Seattle Seahawks,2003,17,2003-12-27,San Francisco 49ers
Seattle Seahawks,2003,18,2004-01-04,Green Bay Packers
Seattle Seahawks,2004,1,2004-09-12,New Orleans Saints
Seattle Seahawks,2004,2,2004-09-19,Tampa Bay Buccaneers
Seattle Seahawks,2004,3,2004-09-26,San Francisco 49ers
Seattle Seahawks,2004,5,2004-10-10,St. Louis Rams
Seattle Seahawks,2004,6,2004-10-17,New England Patriots
Seattle Seahawks,2004,7,2004-10-24,Arizona Cardinals
Seattle Seahawks,2004,8,2004-10-31,Carolina Panthers
Seattle Seahawks,2004,9,2004-11-07,San Francisco 49ers
Seattle Seahawks,2004,10,2004-11-14,St. Louis Rams
Seattle Seahawks,2004,11,2004-11-21,Miami Dolphins
Seattle Seahawks,2004,12,2004-11-28,Buffalo Bills
Seattle Seahawks,2004,13,2004-12-06,Dallas Cowboys
Seattle Seahawks,2004,14,2004-12-12,Minnesota Vikings
Seattle Seahawks,2004,15,2004-12-19,New York Jets
Seattle Seahawks,2004,16,2004-12-26,Arizona Cardinals
Seattle Seahawks,2004,17,2005-01-02,Atlanta Falcons
Seattle Seahawks,2004,18,2005-01-08,St. Louis Rams
Seattle Seahawks,2005,1,2005-09-11,Jacksonville Jaguars
Seattle Seahawks,2005,2,2005-09-18,Atlanta Falcons
Seattle Seahawks,2005,3,2005-09-25,Arizona Cardinals
Seattle Seahawks,2005,4,2005-10-02,Washington Redskins
Seattle Seahawks,2005,5,2005-10-09,St. Louis Rams
Seattle Seahawks,2005,6,2005-10-16,Houston Texans
Seattle Seahawks,2005,7,2005-10-23,Dallas Cowboys
Seattle Seahawks,2005,9,2005-11-06,Arizona Cardinals
Seattle Seahawks,2005,10,2005-11-13,St. Louis Rams
Seattle Seahawks,2005,11,2005-11-20,San Francisco 49ers
Seattle Seahawks,2005,12,2005-11-27,New York Giants
Seattle Seahawks,2005,13,2005-12-05,Philadelphia Eagles
Seattle Seahawks,2005,14,2005-12-11,San Francisco 49ers
Seattle Seahawks,2005,15,2005-12-18,Tennessee Titans
Seattle Seahawks,2005,16,2005-12-24,Indianapolis Colts
Seattle Seahawks,2005,17,2006-01-01,Green Bay Packers
Seattle Seahawks,2005,18,2006-01-14,Washington Redskins
Seattle Seahawks,2005,19,2006-01-22,Carolina Panthers
Seattle Seahawks,2005,20,2006-02-05,Pittsburgh Steelers
Seattle Seahawks,2006,1,2006-09-10,Detroit Lions
Seattle Seahawks,2006,2,2006-09-17,Arizona Cardinals
Seattle Seahawks,2006,3,2006-09-24,New York Giants
Seattle Seahawks,2006,4,2006-10-01,Chicago Bears
Seattle Seahawks,2006,6,2006-10-15,St. Louis Rams
Seattle Seahawks,2006,7,2006-10-22,Minnesota Vikings
Seattle Seahawks,2006,8,2006-10-29,Kansas City Chiefs
Seattle Seahawks,2006,9,2006-11-06,Oakland Raiders
Seattle Seahawks,2006,10,2006-11-12,St. Louis Rams
Seattle Seahawks,2006,11,2006-11-19,San Francisco 49ers
Seattle Seahawks,2006,12,2006-11-27,Green Bay Packers
Seattle Seahawks,2006,13,2006-12-03,Denver Broncos
Seattle Seahawks,2006,14,2006-12-10,Arizona Cardinals
Seattle Seahawks,2006,15,2006-12-14,San Francisco 49ers
Seattle Seahawks,2006,16,2006-12-24,San Diego Chargers
Seattle Seahawks,2006,17,2006-12-31,Tampa Bay Buccaneers
Seattle Seahawks,2006,18,2007-01-06,Dallas Cowboys
Seattle Seahawks,2006,19,2007-01-14,Chicago Bears
Seattle Seahawks,2007,1,2007-09-09,Tampa Bay Buccaneers
Seattle Seahawks,2007,2,2007-09-16,Arizona Cardinals
Seattle Seahawks,2007,3,2007-09-23,Cincinnati Bengals
Seattle Seahawks,2007,4,2007-09-30,San Francisco 49ers
Seattle Seahawks,2007,5,2007-10-07,Pittsburgh Steelers
Seattle Seahawks,2007,6,2007-10-14,New Orleans Saints
Seattle Seahawks,2007,7,2007-10-21,St. Louis Rams
Seattle Seahawks,2007,9,2007-11-04,Cleveland Browns
Seattle Seahawks,2007,10,2007-11-12,San Francisco 49ers
Seattle Seahawks,2007,11,2007-11-18,Chicago Bears
Seattle Seahawks,2007,12,2007-11-25,St. Louis Rams
Seattle Seahawks,2007,13,2007-12-02,Philadelphia Eagles
Seattle Seahawks,2007,14,2007-12-09,Arizona Cardinals
Seattle Seahawks,2007,15,2007-12-16,Carolina Panthers
Seattle Seahawks,2007,16,2007-12-23,Baltimore Ravens
Seattle Seahawks,2007,17,2007-12-30,Atlanta Falcons
Seattle Seahawks,2007,18,2008-01-05,Washington Redskins
Seattle Seahawks,2007,19,2008-01-12,Green Bay Packers
Seattle Seahawks,2008,1,2008-09-07,Buffalo Bills
Seattle Seahawks,2008,2,2008-09-14,San Francisco 49ers
Seattle Seahawks,2008,3,2008-09-21,St. Louis Rams
Seattle Seahawks,2008,5,2008-10-05,New York Giants
Seattle Seahawks,2008,6,2008-10-12,Green Bay Packers
Seattle Seahawks,2008,7,2008-10-19,Tampa Bay Buccaneers
Seattle Seahawks,2008,8,2008-10-26,San Francisco 49ers
Seattle Seahawks,2008,9,2008-11-02,Philadelphia Eagles
Seattle Seahawks,2008,10,2008-11-09,Miami Dolphins
Seattle Seahawks,2008,11,2008-11-16,Arizona Cardinals
Seattle Seahawks,2008,12,2008-11-23,Washington Redskins
Seattle Seahawks,2008,13,2008-11-27,Dallas Cowboys
Seattle Seahawks,2008,14,2008-12-07,New England Patriots
Seattle Seahawks,2008,15,2008-12-14,St. Louis Rams
Seattle Seahawks,2008,16,2008-12-21,New York Jets
Seattle Seahawks,2008,17,2008-12-28,Arizona Cardinals
Seattle Seahawks,2009,1,2009-09-13,St. Louis Rams
Seattle Seahawks,2009,2,2009-09-20,San Francisco 49ers
Seattle Seahawks,2009,3,2009-09-27,Chicago Bears
Seattle Seahawks,2009,4,2009-10-04,Indianapolis Colts
Seattle Seahawks,2009,5,2009-10-11,Jacksonville Jaguars
Seattle Seahawks,2009,6,2009-10-18,Arizona Cardinals
Seattle Seahawks,2009,8,2009-11-01,Dallas Cowboys
Seattle Seahawks,2009,9,2009-11-08,Detroit Lions
Seattle Seahawks,2009,10,2009-11-15,Arizona Cardinals
Seattle Seahawks,2009,11,2009-11-22,Minnesota Vikings
Seattle Seahawks,2009,12,2009-11-29,St. Louis Rams
Seattle Seahawks,2009,13,2009-12-06,San Francisco 49ers
Seattle Seahawks,2009,14,2009-12-13,Houston Texans
Seattle Seahawks,2009,15,2009-12-20,Tampa Bay Buccaneers
Seattle Seahawks,2009,16,2009-12-27,Green Bay Packers
Seattle Seahawks,2009,17,2010-01-03,Tennessee Titans
Seattle Seahawks,2010,1,2010-09-12,San Francisco 49ers
Seattle Seahawks,2010,2,2010-09-19,Denver Broncos
Seattle Seahawks,2010,3,2010-09-26,San Diego Chargers
Seattle Seahawks,2010,4,2010-10-03,St. Louis Rams
Seattle Seahawks,2010,6,2010-10-17,Chicago Bears
Seattle Seahawks,2010,7,2010-10-24,Arizona Cardinals
Seattle Seahawks,2010,8,2010-10-31,Oakland Raiders
Seattle Seahawks,2010,9,2010-11-07,New York Giants
Seattle Seahawks,2010,10,2010-11-14,Arizona Cardinals
Seattle Seahawks,2010,11,2010-11-21,New Orleans Saints
Seattle Seahawks,2010,12,2010-11-28,Kansas City Chiefs
Seattle Seahawks,2010,13,2010-12-05,Carolina Panthers
Seattle Seahawks,2010,14,2010-12-12,San Francisco 49ers
Seattle Seahawks,2010,15,2010-12-19,Atlanta Falcons
Seattle Seahawks,2010,16,2010-12-26,Tampa Bay Buccaneers
Seattle Seahawks,2010,17,2011-01-02,St. Louis Rams
Seattle Seahawks,2010,18,2011-01-08,New Orleans Saints
Seattle Seahawks,2010,19,2011-01-16,Chicago Bears
Seattle Seahawks,2011,1,2011-09-11,San Francisco 49ers
Seattle Seahawks,2011,2,2011-09-18,Pittsburgh Steelers
Seattle Seahawks,2011,3,2011-09-25,Arizona Cardinals
Seattle Seahawks,2011,4,2011-10-02,Atlanta Falcons
Seattle Seahawks,2011,5,2011-10-09,New York Giants
Seattle Seahawks,2011,7,2011-10-23,Cleveland Browns
Seattle Seahawks,2011,8,2011-10-30,Cincinnati Bengals
Seattle Seahawks,2011,9,2011-11-06,Dallas Cowboys
Seattle Seahawks,2011,10,2011-11-13,Baltimore Ravens
Seattle Seahawks,2011,11,2011-11-20,St. Louis Rams
Seattle Seahawks,2011,12,2011-11-27,Washington Redskins
Seattle Seahawks,2011,13,2011-12-01,Philadelphia Eagles
Seattle Seahawks,2011,14,2011-12-12,St. Louis Rams
Seattle Seahawks,2011,15,2011-12-18,Chicago Bears
Seattle Seahawks,2011,16,2011-12-24,San Francisco 49ers
Seattle Seahawks,2011,17,2012-01-01,Arizona Cardinals
Seattle Seahawks,2012,1,2012-09-09,Arizona Cardinals
Seattle Seahawks,2012,2,2012-09-16,Dallas Cowboys
Seattle Seahawks,2012,3,2012-09-24,Green Bay Packers
Seattle Seahawks,2012,4,2012-09-30,St. Louis Rams
Seattle Seahawks,2012,5,2012-10-07,Carolina Panthers
Seattle Seahawks,2012,6,2012-10-14,New England Patriots
Seattle Seahawks,2012,7,2012-10-18,San Francisco 49ers
Seattle Seahawks,2012,8,2012-10-28,Detroit Lions
Seattle Seahawks,2012,9,2012-11-04,Minnesota Vikings
Seattle Seahawks,2012,10,2012-11-11,New York Jets
Seattle Seahawks,2012,12,2012-11-25,Miami Dolphins
Seattle Seahawks,2012,13,2012-12-02,Chicago Bears
Seattle Seahawks,2012,14,2012-12-09,Arizona Cardinals
Seattle Seahawks,2012,15,2012-12-16,Buffalo Bills
Seattle Seahawks,2012,16,2012-12-23,San Francisco 49ers
Seattle Seahawks,2012,17,2012-12-30,St. Louis Rams
Seattle Seahawks,2012,18,2013-01-06,Washington Redskins
Seattle Seahawks,2012,19,2013-01-13,Atlanta Falcons
Seattle Seahawks,2013,1,2013-09-08,Carolina Panthers
Seattle Seahawks,2013,2,2013-09-15,San Francisco 49ers
Seattle Seahawks,2013,3,2013-09-22,Jacksonville Jaguars
Seattle Seahawks,2013,4,2013-09-29,Houston Texans
Seattle Seahawks,2013,5,2013-10-06,Indianapolis Colts
Seattle Seahawks,2013,6,2013-10-13,Tennessee Titans
Seattle Seahawks,2013,7,2013-10-17,Arizona Cardinals
Seattle Seahawks,2013,8,2013-10-28,St. Louis Rams
Seattle Seahawks,2013,9,2013-11-03,Tampa Bay Buccaneers
Seattle Seahawks,2013,10,2013-11-10,Atlanta Falcons
Seattle Seahawks,2013,11,2013-11-17,Minnesota Vikings
Seattle Seahawks,2013,13,2013-12-02,New Orleans Saints
Seattle Seahawks,2013,14,2013-12-08,San Francisco 49ers
Seattle Seahawks,2013,15,2013-12-15,New York Giants
Seattle Seahawks,2013,16,2013-12-22,Arizona Cardinals
Seattle Seahawks,2013,17,2013-12-29,St. Louis Rams
Seattle Seahawks,2013,18,2014-01-11,New Orleans Saints
Seattle Seahawks,2013,19,2014-01-19,San Francisco 49ers
Seattle Seahawks,2013,20,2014-02-02,Denver Broncos
Seattle Seahawks,2014,1,2014-09-04,Green Bay Packers
Seattle Seahawks,2014,2,2014-09-14,San Diego Chargers
Seattle Seahawks,2014,3,2014-09-21,Denver Broncos
Seattle Seahawks,2014,5,2014-10-06,Washington Redskins
Seattle Seahawks,2014,6,2014-10-12,Dallas Cowboys
Seattle Seahawks,2014,7,2014-10-19,St. Louis Rams
Seattle Seahawks,2014,8,2014-10-26,Carolina Panthers
Seattle Seahawks,2014,9,2014-11-02,Oakland Raiders
Seattle Seahawks,2014,10,2014-11-09,New York Giants
Seattle Seahawks,2014,11,2014-11-16,Kansas City Chiefs
Seattle Seahawks,2014,12,2014-11-23,Arizona Cardinals
Seattle Seahawks,2014,13,2014-11-27,San Francisco 49ers
Seattle Seahawks,2014,14,2014-12-07,Philadelphia Eagles
Seattle Seahawks,2014,15,2014-12-14,San Francisco 49ers
Seattle Seahawks,2014,16,2014-12-21,Arizona Cardinals
Seattle Seahawks,2014,17,2014-12-28,St. Louis Rams
Seattle Seahawks,2014,18,2015-01-10,Carolina Panthers
Seattle Seahawks,2014,19,2015-01-18,Green Bay Packers
Seattle Seahawks,2014,20,2015-02-01,New England Patriots
Seattle Seahawks,2015,1,2015-09-13,St. Louis Rams
Seattle Seahawks,2015,2,2015-09-20,Green Bay Packers
Seattle Seahawks,2015,3,2015-09-27,Chicago Bears
Seattle Seahawks,2015,4,2015-10-05,Detroit Lions
Seattle Seahawks,2015,5,2015-10-11,Cincinnati Bengals
Seattle Seahawks,2015,6,2015-10-18,Carolina Panthers
Seattle Seahawks,2015,7,2015-10-22,San Francisco 49ers
Seattle Seahawks,2015,8,2015-11-01,Dallas Cowboys
Seattle Seahawks,2015,10,2015-11-15,Arizona Cardinals
Seattle Seahawks,2015,11,2015-11-22,San Francisco 49ers
Seattle Seahawks,2015,12,2015-11-29,Pittsburgh Steelers
Seattle Seahawks,2015,13,2015-12-06,Minnesota Vikings
Seattle Seahawks,2015,14,2015-12-13,Baltimore Ravens
Seattle Seahawks,2015,15,2015-12-20,Cleveland Browns
Seattle Seahawks,2015,16,2015-12-27,St. Louis Rams
Seattle Seahawks,2015,17,2016-01-03,Arizona Cardinals
Seattle Seahawks,2015,18,2016-01-10,Minnesota Vikings
Seattle Seahawks,2015,19,2016-01-17,Carolina Panthers
Seattle Seahawks,2016,1,2016-09-11,Miami Dolphins
Seattle Seahawks,2016,2,2016-09-18,Los Angeles Rams
Seattle Seahawks,2016,3,2016-09-25,San Francisco 49ers
Seattle Seahawks,2016,4,2016-10-02,New York Jets
Seattle Seahawks,2016,6,2016-10-16,Atlanta Falcons
Seattle Seahawks,2016,7,2016-10-23,Arizona Cardinals
Seattle Seahawks,2016,8,2016-10-30,New Orleans Saints
Seattle Seahawks,2016,9,2016-11-07,Buffalo Bills
Seattle Seahawks,2016,10,2016-11-13,New England Patriots
Seattle Seahawks,2016,11,2016-11-20,Philadelphia Eagles
Seattle Seahawks,2016,12,2016-11-27,Tampa Bay Buccaneers
Seattle Seahawks,2016,13,2016-12-04,Carolina Panthers
Seattle Seahawks,2016,14,2016-12-11,Green Bay Packers
Seattle Seahawks,2016,15,2016-12-15,Los Angeles Rams
Seattle Seahawks,2016,16,2016-12-24,Arizona Cardinals
Seattle Seahawks,2016,17,2017-01-01,San Francisco 49ers
Seattle Seahawks,2016,18,2017-01-07,Detroit Lions
Seattle Seahawks,2016,19,2017-01-14,Atlanta Falcons
Seattle Seahawks,2017,1,2017-09-10,Green Bay Packers
Seattle Seahawks,2017,2,2017-09-17,San Francisco 49ers
Seattle Seahawks,2017,3,2017-09-24,Tennessee Titans
Seattle Seahawks,2017,4,2017-10-01,Indianapolis Colts
Seattle Seahawks,2017,5,2017-10-08,Los Angeles Rams
Seattle Seahawks,2017,7,2017-10-22,New York Giants
Seattle Seahawks,2017,8,2017-10-29,Houston Texans
Seattle Seahawks,2017,9,2017-11-05,Washington Redskins
Seattle Seahawks,2017,10,2017-11-09,Arizona Cardinals
Seattle Seahawks,2017,11,2017-11-20,Atlanta Falcons
Seattle Seahawks,2017,12,2017-11-26,San Francisco 49ers
Seattle Seahawks,2017,13,2017-12-03,Philadelphia Eagles
Seattle Seahawks,2017,14,2017-12-10,Jacksonville Jaguars
Seattle Seahawks,2017,15,2017-12-17,Los Angeles Rams
Seattle Seahawks,2017,16,2017-12-24,Dallas Cowboys
Seattle Seahawks,2017,17,2017-12-31,Arizona Cardinals
Seattle Seahawks,2018,1,2018-09-09,Denver Broncos
Seattle Seahawks,2018,2,2018-09-17,Chicago Bears
Seattle Seahawks,2018,3,2018-09-23,Dallas Cowboys
Seattle Seahawks,2018,4,2018-09-30,Arizona Cardinals
Seattle Seahawks,2018,5,2018-10-07,Los Angeles Rams
Seattle Seahawks,2018,6,2018-10-14,Oakland Raiders
Seattle Seahawks,2018,8,2018-10-28,Detroit Lions
Seattle Seahawks,2018,9,2018-11-04,Los Angeles Chargers
Seattle Seahawks,2018,10,2018-11-11,Los Angeles Rams
Seattle Seahawks,2018,11,2018-11-15,Green Bay Packers
Seattle Seahawks,2018,12,2018-11-25,Carolina Panthers
Seattle Seahawks,2018,13,2018-12-02,San Francisco 49ers
Seattle Seahawks,2018,14,2018-12-10,Minnesota Vikings
Seattle Seahawks,2018,15,2018-12-16,San Francisco 49ers
Seattle Seahawks,2018,16,2018-12-23,Kansas City Chiefs
Seattle Seahawks,2018,17,2018-12-30,Arizona Cardinals
Seattle Seahawks,2018,18,2019-01-05,Dallas Cowboys
Seattle Seahawks,2019,1,2019-09-08,Cincinnati Bengals
Seattle Seahawks,2019,2,2019-09-15,Pittsburgh Steelers
Seattle Seahawks,2019,3,2019-09-22,New Orleans Saints
Seattle Seahawks,2019,4,2019-09-29,Arizona Cardinals
Seattle Seahawks,2019,5,2019-10-03,Los Angeles Rams
Seattle Seahawks,2019,6,2019-10-13,Cleveland Browns
Seattle Seahawks,2019,7,2019-10-20,Baltimore Ravens
Seattle Seahawks,2019,8,2019-10-27,Atlanta Falcons
Seattle Seahawks,2019,9,2019-11-03,Tampa Bay Buccaneers
Seattle Seahawks,2019,10,2019-11-11,San Francisco 49ers
Seattle Seahawks,2019,12,2019-11-24,Philadelphia Eagles
Seattle Seahawks,2019,13,2019-12-02,Minnesota Vikings
Seattle Seahawks,2019,14,2019-12-08,Los Angeles Rams
Seattle Seahawks,2019,15,2019-12-15,Carolina Panthers
Seattle Seahawks,2019,16,2019-12-22,Arizona Cardinals
Seattle Seahawks,2019,17,2019-12-29,San Francisco 49ers
Seattle Seahawks,2019,18,2020-01-05,Philadelphia Eagles
Seattle Seahawks,2019,19,2020-01-12,Green Bay Packers
Seattle Seahawks,2020,1,2020-09-13,Atlanta Falcons
Seattle Seahawks,2020,2,2020-09-20,New England Patriots
Seattle Seahawks,2020,3,2020-09-27,Dallas Cowboys
Seattle Seahawks,2020,4,2020-10-04,Miami Dolphins
Seattle Seahawks,2020,5,2020-10-11,Minnesota Vikings
Seattle Seahawks,2020,7,2020-10-25,Arizona Cardinals
Seattle Seahawks,2020,8,2020-11-01,San Francisco 49ers
Seattle Seahawks,2020,9,2020-11-08,Buffalo Bills
Seattle Seahawks,2020,10,2020-11-15,Los Angeles Rams
Seattle Seahawks,2020,11,2020-11-19,Arizona Cardinals
Seattle Seahawks,2020,12,2020-11-30,Philadelphia Eagles
Seattle Seahawks,2020,13,2020-12-06,New York Giants
Seattle Seahawks,2020,14,2020-12-13,New York Jets
Seattle Seahawks,2020,15,2020-12-20,Washington Football Team
Seattle Seahawks,2020,16,2020-12-27,Los Angeles Rams
Seattle Seahawks,2020,17,2021-01-03,San Francisco 49ers
Seattle Seahawks,2020,18,2021-01-09,Los Angeles Rams
Seattle Seahawks,2021,1,2021-09-12,Indianapolis Colts
Seattle Seahawks,2021,2,2021-09-19,Tennessee Titans
Seattle Seahawks,2021,3,2021-09-26,Minnesota Vikings
Seattle Seahawks,2021,4,2021-10-03,San Francisco 49ers
Seattle Seahawks,2021,5,2021-10-07,Los Angeles Rams
Seattle Seahawks,2021,6,2021-10-17,Pittsburgh Steelers
Seattle Seahawks,2021,7,2021-10-25,New Orleans Saints
Seattle Seahawks,2021,8,2021-10-31,Jacksonville Jaguars
Seattle Seahawks,2021,10,2021-11-14,Green Bay Packers
Seattle Seahawks,2021,11,2021-11-21,Arizona Cardinals
Seattle Seahawks,2021,12,2021-11-29,Washington Football Team
Seattle Seahawks,2021,13,2021-12-05,San Francisco 49ers
Seattle Seahawks,2021,14,2021-12-12,Houston Texans
Seattle Seahawks,2021,15,2021-12-21,Los Angeles Rams
Seattle Seahawks,2021,16,2021-12-26,Chicago Bears
Seattle Seahawks,2021,17,2022-01-02,Detroit Lions
Seattle Seahawks,2021,18,2022-01-09,Arizona Cardinals
Seattle Seahawks,2022,1,2022-09-12,Denver Broncos
Seattle Seahawks,2022,2,2022-09-18,San Francisco 49ers
Seattle Seahawks,2022,3,2022-09-25,Atlanta Falcons
Seattle Seahawks,2022,4,2022-10-02,Detroit Lions
Seattle Seahawks,2022,5,2022-10-09,New Orleans Saints
Seattle Seahawks,2022,6,2022-10-16,Arizona Cardinals
Seattle Seahawks,2022,7,2022-10-23,Los Angeles Chargers
Seattle Seahawks,2022,8,2022-10-30,New York Giants
Seattle Seahawks,2022,9,2022-11-06,Arizona Cardinals
Seattle Seahawks,2022,10,2022-11-13,Tampa Bay Buccaneers
Seattle Seahawks,2022,12,2022-11-27,Las Vegas Raiders
Seattle Seahawks,2022,13,2022-12-04,Los Angeles Rams
Seattle Seahawks,2022,14,2022-12-11,Carolina Panthers
Seattle Seahawks,2022,15,2022-12-15,San Francisco 49ers
Seattle Seahawks,2022,16,2022-12-24,Kansas City Chiefs
Seattle Seahawks,2022,17,2023-01-01,New York Jets
Seattle Seahawks,2022,18,2023-01-08,Los Angeles Rams
Seattle Seahawks,2022,19,2023-01-14,San Francisco 49ers
Seattle Seahawks,2023,1,2023-09-10,Los Angeles Rams
Seattle Seahawks,2023,2,2023-09-17,Detroit Lions
Seattle Seahawks,2023,3,2023-09-24,Carolina Panthers
Seattle Seahawks,2023,4,2023-10-02,New York Giants
Seattle Seahawks,2023,6,2023-10-15,Cincinnati Bengals
Seattle Seahawks,2023,7,2023-10-22,Arizona Cardinals
Seattle Seahawks,2023,8,2023-10-29,Cleveland Browns
Seattle Seahawks,2023,9,2023-11-05,Baltimore Ravens
Seattle Seahawks,2023,10,2023-11-12,Washington Commanders
Seattle Seahawks,2023,11,2023-11-19,Los Angeles Rams
Seattle Seahawks,2023,12,2023-11-23,San Francisco 49ers
Seattle Seahawks,2023,13,2023-11-30,Dallas Cowboys
Seattle Seahawks,2023,14,2023-12-10,San Francisco 49ers
Seattle Seahawks,2023,15,2023-12-18,Philadelphia Eagles
Seattle Seahawks,2023,16,2023-12-24,Tennessee Titans
Seattle Seahawks,2023,17,2023-12-31,Pittsburgh Steelers
Seattle Seahawks,2023,18,2024-01-07,Arizona Cardinals
Seattle Seahawks,2024,1,2024-09-08,Denver Broncos
Seattle Seahawks,2024,2,2024-09-15,New England Patriots
Seattle Seahawks,2024,3,2024-09-22,Miami Dolphins
Seattle Seahawks,2024,4,2024-09-30,Detroit Lions
Seattle Seahawks,2024,5,2024-10-06,New York Giants
Seattle Seahawks,2024,6,2024-10-10,San Francisco 49ers
Seattle Seahawks,2024,7,2024-10-20,Atlanta Falcons
Seattle Seahawks,2024,8,2024-10-27,Buffalo Bills
Seattle Seahawks,2024,9,2024-11-03,Los Angeles Rams
Seattle Seahawks,2024,11,2024-11-17,San Francisco 49ers
Seattle Seahawks,2024,12,2024-11-24,Arizona Cardinals
Seattle Seahawks,2024,13,2024-12-01,New York Jets
Seattle Seahawks,2024,14,2024-12-08,Arizona Cardinals
Seattle Seahawks,2024,15,2024-12-15,Green Bay Packers
Seattle Seahawks,2024,16,2024-12-22,Minnesota Vikings
Seattle Seahawks,2024,17,2024-12-26,Chicago Bears
Seattle Seahawks,2024,18,2025-01-05,Los Angeles Rams
