Team,Season,Week,Date,Opp
Washington Redskins,1978,1,1978-09-03,New England Patriots
Washington Redskins,1978,2,1978-09-10,Philadelphia Eagles
Washington Redskins,1978,3,1978-09-17,St. Louis Cardinals
Washington Redskins,1978,4,1978-09-24,New York Jets
Washington Redskins,1978,5,1978-10-02,Dallas Cowboys
Washington Redskins,1978,6,1978-10-08,Detroit Lions
Washington Redskins,1978,7,1978-10-15,Philadelphia Eagles
Washington Redskins,1978,8,1978-10-22,New York Giants
Washington Redskins,1978,9,1978-10-29,San Francisco 49ers
Washington Redskins,1978,10,1978-11-06,Baltimore Colts
Washington Redskins,1978,11,1978-11-12,New York Giants
Washington Redskins,1978,12,1978-11-19,St. Louis Cardinals
Washington Redskins,1978,13,1978-11-23,Dallas Cowboys
Washington Redskins,1978,14,1978-12-03,Miami Dolphins
Washington Redskins,1978,15,1978-12-10,Atlanta Falcons
Washington Redskins,1978,16,1978-12-16,Chicago Bears
Washington Redskins,1979,1,1979-09-02,Houston Oilers
Washington Redskins,1979,2,1979-09-09,Detroit Lions
Washington Redskins,1979,3,1979-09-17,New York Giants
Washington Redskins,1979,4,1979-09-23,St. Louis Cardinals
Washington Redskins,1979,5,1979-09-30,Atlanta Falcons
Washington Redskins,1979,6,1979-10-07,Philadelphia Eagles
Washington Redskins,1979,7,1979-10-14,Cleveland Browns
Washington Redskins,1979,8,1979-10-21,Philadelphia Eagles
Washington Redskins,1979,9,1979-10-28,New Orleans Saints
Washington Redskins,1979,10,1979-11-04,Pittsburgh Steelers
Washington Redskins,1979,11,1979-11-11,St. Louis Cardinals
Washington Redskins,1979,12,1979-11-18,Dallas Cowboys
Washington Redskins,1979,13,1979-11-25,New York Giants
Washington Redskins,1979,14,1979-12-02,Green Bay Packers
Washington Redskins,1979,15,1979-12-09,Cincinnati Bengals
Washington Redskins,1979,16,1979-12-16,Dallas Cowboys
Washington Redskins,1980,1,1980-09-08,Dallas Cowboys
Washington Redskins,1980,2,1980-09-14,New York Giants
Washington Redskins,1980,3,1980-09-21,Oakland Raiders
Washington Redskins,1980,4,1980-09-28,Seattle Seahawks
Washington Redskins,1980,5,1980-10-05,Philadelphia Eagles
Washington Redskins,1980,6,1980-10-13,Denver Broncos
Washington Redskins,1980,7,1980-10-19,St. Louis Cardinals
Washington Redskins,1980,8,1980-10-26,New Orleans Saints
Washington Redskins,1980,9,1980-11-02,Minnesota Vikings
Washington Redskins,1980,10,1980-11-09,Chicago Bears
Washington Redskins,1980,11,1980-11-16,Philadelphia Eagles
Washington Redskins,1980,12,1980-11-23,Dallas Cowboys
Washington Redskins,1980,13,1980-11-30,Atlanta Falcons
Washington Redskins,1980,14,1980-12-07,San Diego Chargers
Washington Redskins,1980,15,1980-12-13,New York Giants
Washington Redskins,1980,16,1980-12-21,St. Louis Cardinals
Washington Redskins,1981,1,1981-09-06,Dallas Cowboys
Washington Redskins,1981,2,1981-09-13,New York Giants
Washington Redskins,1981,3,1981-09-20,St. Louis Cardinals
Washington Redskins,1981,4,1981-09-27,Philadelphia Eagles
Washington Redskins,1981,5,1981-10-04,San Francisco 49ers
Washington Redskins,1981,6,1981-10-11,Chicago Bears
Washington Redskins,1981,7,1981-10-18,Miami Dolphins
Washington Redskins,1981,8,1981-10-25,New England Patriots
Washington Redskins,1981,9,1981-11-01,St. Louis Cardinals
Washington Redskins,1981,10,1981-11-08,Detroit Lions
Washington Redskins,1981,11,1981-11-15,New York Giants
Washington Redskins,1981,12,1981-11-22,Dallas Cowboys
Washington Redskins,1981,13,1981-11-29,Buffalo Bills
Washington Redskins,1981,14,1981-12-06,Philadelphia Eagles
Washington Redskins,1981,15,1981-12-13,Baltimore Colts
Washington Redskins,1981,16,1981-12-20,Los Angeles Rams
Washington Redskins,1982,1,1982-09-12,Philadelphia Eagles
Washington Redskins,1982,2,1982-09-19,Tampa Bay Buccaneers
Washington Redskins,1982,11,1982-11-21,New York Giants
Washington Redskins,1982,12,1982-11-28,Philadelphia Eagles
Washington Redskins,1982,13,1982-12-05,Dallas Cowboys
Washington Redskins,1982,14,1982-12-12,St. Louis Cardinals
Washington Redskins,1982,15,1982-12-19,New York Giants
Washington Redskins,1982,16,1982-12-26,New Orleans Saints
Washington Redskins,1982,17,1983-01-02,St. Louis Cardinals
Washington Redskins,1982,18,1983-01-08,Detroit Lions
Washington Redskins,1982,19,1983-01-15,Minnesota Vikings
Washington Redskins,1982,20,1983-01-22,Dallas Cowboys
Washington Redskins,1982,21,1983-01-30,Miami Dolphins
Washington Redskins,1983,1,1983-09-05,Dallas Cowboys
Washington Redskins,1983,2,1983-09-11,Philadelphia Eagles
Washington Redskins,1983,3,1983-09-18,Kansas City Chiefs
Washington Redskins,1983,4,1983-09-25,Seattle Seahawks
Washington Redskins,1983,5,1983-10-02,Los Angeles Raiders
Washington Redskins,1983,6,1983-10-09,St. Louis Cardinals
Washington Redskins,1983,7,1983-10-17,Green Bay Packers
Washington Redskins,1983,8,1983-10-23,Detroit Lions
Washington Redskins,1983,9,1983-10-31,San Diego Chargers
Washington Redskins,1983,10,1983-11-06,St. Louis Cardinals
Washington Redskins,1983,11,1983-11-13,New York Giants
Washington Redskins,1983,12,1983-11-20,Los Angeles Rams
Washington Redskins,1983,13,1983-11-27,Philadelphia Eagles
Washington Redskins,1983,14,1983-12-04,Atlanta Falcons
Washington Redskins,1983,15,1983-12-11,Dallas Cowboys
Washington Redskins,1983,16,1983-12-17,New York Giants
Washington Redskins,1983,17,1984-01-01,Los Angeles Rams
Washington Redskins,1983,18,1984-01-08,San Francisco 49ers
Washington Redskins,1983,19,1984-01-22,Los Angeles Raiders
Washington Redskins,1984,1,1984-09-02,Miami Dolphins
Washington Redskins,1984,2,1984-09-10,San Francisco 49ers
Washington Redskins,1984,3,1984-09-16,New York Giants
Washington Redskins,1984,4,1984-09-23,New England Patriots
Washington Redskins,1984,5,1984-09-30,Philadelphia Eagles
Washington Redskins,1984,6,1984-10-07,Indianapolis Colts
Washington Redskins,1984,7,1984-10-14,Dallas Cowboys
Washington Redskins,1984,8,1984-10-21,St. Louis Cardinals
Washington Redskins,1984,9,1984-10-28,New York Giants
Washington Redskins,1984,10,1984-11-05,Atlanta Falcons
Washington Redskins,1984,11,1984-11-11,Detroit Lions
Washington Redskins,1984,12,1984-11-18,Philadelphia Eagles
Washington Redskins,1984,13,1984-11-25,Buffalo Bills
Washington Redskins,1984,14,1984-11-29,Minnesota Vikings
Washington Redskins,1984,15,1984-12-09,Dallas Cowboys
Washington Redskins,1984,16,1984-12-16,St. Louis Cardinals
Washington Redskins,1984,17,1984-12-30,Chicago Bears
Washington Redskins,1985,1,1985-09-09,Dallas Cowboys
Washington Redskins,1985,2,1985-09-15,Houston Oilers
Washington Redskins,1985,3,1985-09-22,Philadelphia Eagles
Washington Redskins,1985,4,1985-09-29,Chicago Bears
Washington Redskins,1985,5,1985-10-07,St. Louis Cardinals
Washington Redskins,1985,6,1985-10-13,Detroit Lions
Washington Redskins,1985,7,1985-10-20,New York Giants
Washington Redskins,1985,8,1985-10-27,Cleveland Browns
Washington Redskins,1985,9,1985-11-03,Atlanta Falcons
Washington Redskins,1985,10,1985-11-10,Dallas Cowboys
Washington Redskins,1985,11,1985-11-18,New York Giants
Washington Redskins,1985,12,1985-11-24,Pittsburgh Steelers
Washington Redskins,1985,13,1985-12-01,San Francisco 49ers
Washington Redskins,1985,14,1985-12-08,Philadelphia Eagles
Washington Redskins,1985,15,1985-12-15,Cincinnati Bengals
Washington Redskins,1985,16,1985-12-21,St. Louis Cardinals
Washington Redskins,1986,1,1986-09-07,Philadelphia Eagles
Washington Redskins,1986,2,1986-09-14,Los Angeles Raiders
Washington Redskins,1986,3,1986-09-21,San Diego Chargers
Washington Redskins,1986,4,1986-09-28,Seattle Seahawks
Washington Redskins,1986,5,1986-10-05,New Orleans Saints
Washington Redskins,1986,6,1986-10-12,Dallas Cowboys
Washington Redskins,1986,7,1986-10-19,St. Louis Cardinals
Washington Redskins,1986,8,1986-10-27,New York Giants
Washington Redskins,1986,9,1986-11-02,Minnesota Vikings
Washington Redskins,1986,10,1986-11-09,Green Bay Packers
Washington Redskins,1986,11,1986-11-17,San Francisco 49ers
Washington Redskins,1986,12,1986-11-23,Dallas Cowboys
Washington Redskins,1986,13,1986-11-30,St. Louis Cardinals
Washington Redskins,1986,14,1986-12-07,New York Giants
Washington Redskins,1986,15,1986-12-13,Denver Broncos
Washington Redskins,1986,16,1986-12-21,Philadelphia Eagles
Washington Redskins,1986,17,1986-12-28,Los Angeles Rams
Washington Redskins,1986,18,1987-01-03,Chicago Bears
Washington Redskins,1986,19,1987-01-11,New York Giants
Washington Redskins,1987,1,1987-09-13,Philadelphia Eagles
Washington Redskins,1987,2,1987-09-20,Atlanta Falcons
Washington Redskins,1987,4,1987-10-04,St. Louis Cardinals
Washington Redskins,1987,5,1987-10-11,New York Giants
Washington Redskins,1987,6,1987-10-19,Dallas Cowboys
Washington Redskins,1987,7,1987-10-25,New York Jets
Washington Redskins,1987,8,1987-11-01,Buffalo Bills
Washington Redskins,1987,9,1987-11-08,Philadelphia Eagles
Washington Redskins,1987,10,1987-11-15,Detroit Lions
Washington Redskins,1987,11,1987-11-23,Los Angeles Rams
Washington Redskins,1987,12,1987-11-29,New York Giants
Washington Redskins,1987,13,1987-12-06,St. Louis Cardinals
Washington Redskins,1987,14,1987-12-13,Dallas Cowboys
Washington Redskins,1987,15,1987-12-20,Miami Dolphins
Washington Redskins,1987,16,1987-12-26,Minnesota Vikings
Washington Redskins,1987,17,1988-01-10,Chicago Bears
Washington Redskins,1987,18,1988-01-17,Minnesota Vikings
Washington Redskins,1987,19,1988-01-31,Denver Broncos
Washington Redskins,1988,1,1988-09-05,New York Giants
Washington Redskins,1988,2,1988-09-11,Pittsburgh Steelers
Washington Redskins,1988,3,1988-09-18,Philadelphia Eagles
Washington Redskins,1988,4,1988-09-25,Phoenix Cardinals
Washington Redskins,1988,5,1988-10-02,New York Giants
Washington Redskins,1988,6,1988-10-09,Dallas Cowboys
Washington Redskins,1988,7,1988-10-16,Phoenix Cardinals
Washington Redskins,1988,8,1988-10-23,Green Bay Packers
Washington Redskins,1988,9,1988-10-30,Houston Oilers
Washington Redskins,1988,10,1988-11-06,New Orleans Saints
Washington Redskins,1988,11,1988-11-13,Chicago Bears
Washington Redskins,1988,12,1988-11-21,San Francisco 49ers
Washington Redskins,1988,13,1988-11-27,Cleveland Browns
Washington Redskins,1988,14,1988-12-04,Philadelphia Eagles
Washington Redskins,1988,15,1988-12-11,Dallas Cowboys
Washington Redskins,1988,16,1988-12-17,Cincinnati Bengals
Washington Redskins,1989,1,1989-09-11,New York Giants
Washington Redskins,1989,2,1989-09-17,Philadelphia Eagles
Washington Redskins,1989,3,1989-09-24,Dallas Cowboys
Washington Redskins,1989,4,1989-10-01,New Orleans Saints
Washington Redskins,1989,5,1989-10-08,Phoenix Cardinals
Washington Redskins,1989,6,1989-10-15,New York Giants
Washington Redskins,1989,7,1989-10-22,Tampa Bay Buccaneers
Washington Redskins,1989,8,1989-10-29,Los Angeles Raiders
Washington Redskins,1989,9,1989-11-05,Dallas Cowboys
Washington Redskins,1989,10,1989-11-12,Philadelphia Eagles
Washington Redskins,1989,11,1989-11-20,Denver Broncos
Washington Redskins,1989,12,1989-11-26,Chicago Bears
Washington Redskins,1989,13,1989-12-03,Phoenix Cardinals
Washington Redskins,1989,14,1989-12-10,San Diego Chargers
Washington Redskins,1989,15,1989-12-17,Atlanta Falcons
Washington Redskins,1989,16,1989-12-23,Seattle Seahawks
Washington Redskins,1990,1,1990-09-09,Phoenix Cardinals
Washington Redskins,1990,2,1990-09-16,San Francisco 49ers
Washington Redskins,1990,3,1990-09-23,Dallas Cowboys
Washington Redskins,1990,4,1990-09-30,Phoenix Cardinals
Washington Redskins,1990,6,1990-10-14,New York Giants
Washington Redskins,1990,7,1990-10-21,Philadelphia Eagles
Washington Redskins,1990,8,1990-10-28,New York Giants
Washington Redskins,1990,9,1990-11-04,Detroit Lions
Washington Redskins,1990,10,1990-11-12,Philadelphia Eagles
Washington Redskins,1990,11,1990-11-18,New Orleans Saints
Washington Redskins,1990,12,1990-11-22,Dallas Cowboys
Washington Redskins,1990,13,1990-12-02,Miami Dolphins
Washington Redskins,1990,14,1990-12-09,Chicago Bears
Washington Redskins,1990,15,1990-12-15,New England Patriots
Washington Redskins,1990,16,1990-12-22,Indianapolis Colts
Washington Redskins,1990,17,1990-12-30,Buffalo Bills
Washington Redskins,1990,18,1991-01-05,Philadelphia Eagles
Washington Redskins,1990,19,1991-01-12,San Francisco 49ers
Washington Redskins,1991,1,1991-09-01,Detroit Lions
Washington Redskins,1991,2,1991-09-09,Dallas Cowboys
Washington Redskins,1991,3,1991-09-15,Phoenix Cardinals
Washington Redskins,1991,4,1991-09-22,Cincinnati Bengals
Washington Redskins,1991,5,1991-09-30,Philadelphia Eagles
Washington Redskins,1991,6,1991-10-06,Chicago Bears
Washington Redskins,1991,7,1991-10-13,Cleveland Browns
Washington Redskins,1991,9,1991-10-27,New York Giants
Washington Redskins,1991,10,1991-11-03,Houston Oilers
Washington Redskins,1991,11,1991-11-10,Atlanta Falcons
Washington Redskins,1991,12,1991-11-17,Pittsburgh Steelers
Washington Redskins,1991,13,1991-11-24,Dallas Cowboys
Washington Redskins,1991,14,1991-12-01,Los Angeles Rams
Washington Redskins,1991,15,1991-12-08,Phoenix Cardinals
Washington Redskins,1991,16,1991-12-15,New York Giants
Washington Redskins,1991,17,1991-12-22,Philadelphia Eagles
Washington Redskins,1991,18,1992-01-04,Atlanta Falcons
Washington Redskins,1991,19,1992-01-12,Detroit Lions
Washington Redskins,1991,20,1992-01-26,Buffalo Bills
Washington Redskins,1992,1,1992-09-07,Dallas Cowboys
Washington Redskins,1992,2,1992-09-13,Atlanta Falcons
Washington Redskins,1992,3,1992-09-20,Detroit Lions
Washington Redskins,1992,5,1992-10-04,Phoenix Cardinals
Washington Redskins,1992,6,1992-10-12,Denver Broncos
Washington Redskins,1992,7,1992-10-18,Philadelphia Eagles
Washington Redskins,1992,8,1992-10-25,Minnesota Vikings
Washington Redskins,1992,9,1992-11-01,New York Giants
Washington Redskins,1992,10,1992-11-08,Seattle Seahawks
Washington Redskins,1992,11,1992-11-15,Kansas City Chiefs
Washington Redskins,1992,12,1992-11-23,New Orleans Saints
Washington Redskins,1992,13,1992-11-29,Phoenix Cardinals
Washington Redskins,1992,14,1992-12-06,New York Giants
Washington Redskins,1992,15,1992-12-13,Dallas Cowboys
Washington Redskins,1992,16,1992-12-20,Philadelphia Eagles
Washington Redskins,1992,17,1992-12-26,Los Angeles Raiders
Washington Redskins,1992,18,1993-01-02,Minnesota Vikings
Washington Redskins,1992,19,1993-01-09,San Francisco 49ers
Washington Redskins,1993,1,1993-09-06,Dallas Cowboys
Washington Redskins,1993,2,1993-09-12,Phoenix Cardinals
Washington Redskins,1993,3,1993-09-19,Philadelphia Eagles
Washington Redskins,1993,5,1993-10-04,Miami Dolphins
Washington Redskins,1993,6,1993-10-10,New York Giants
Washington Redskins,1993,7,1993-10-17,Phoenix Cardinals
Washington Redskins,1993,9,1993-11-01,Buffalo Bills
Washington Redskins,1993,10,1993-11-07,Indianapolis Colts
Washington Redskins,1993,11,1993-11-14,New York Giants
Washington Redskins,1993,12,1993-11-21,Los Angeles Rams
Washington Redskins,1993,13,1993-11-28,Philadelphia Eagles
Washington Redskins,1993,14,1993-12-05,Tampa Bay Buccaneers
Washington Redskins,1993,15,1993-12-11,New York Jets
Washington Redskins,1993,16,1993-12-19,Atlanta Falcons
Washington Redskins,1993,17,1993-12-26,Dallas Cowboys
Washington Redskins,1993,18,1993-12-31,Minnesota Vikings
Washington Redskins,1994,1,1994-09-04,Seattle Seahawks
Washington Redskins,1994,2,1994-09-11,New Orleans Saints
Washington Redskins,1994,3,1994-09-18,New York Giants
Washington Redskins,1994,4,1994-09-25,Atlanta Falcons
Washington Redskins,1994,5,1994-10-02,Dallas Cowboys
Washington Redskins,1994,6,1994-10-09,Philadelphia Eagles
Washington Redskins,1994,7,1994-10-16,Arizona Cardinals
Washington Redskins,1994,8,1994-10-23,Indianapolis Colts
Washington Redskins,1994,9,1994-10-30,Philadelphia Eagles
Washington Redskins,1994,10,1994-11-06,San Francisco 49ers
Washington Redskins,1994,12,1994-11-20,Dallas Cowboys
Washington Redskins,1994,13,1994-11-27,New York Giants
Washington Redskins,1994,14,1994-12-04,Tampa Bay Buccaneers
Washington Redskins,1994,15,1994-12-11,Arizona Cardinals
Washington Redskins,1994,16,1994-12-18,Tampa Bay Buccaneers
Washington Redskins,1994,17,1994-12-24,Los Angeles Rams
Washington Redskins,1995,1,1995-09-03,Arizona Cardinals
Washington Redskins,1995,2,1995-09-10,Oakland Raiders
Washington Redskins,1995,3,1995-09-17,Denver Broncos
Washington Redskins,1995,4,1995-09-24,Tampa Bay Buccaneers
Washington Redskins,1995,5,1995-10-01,Dallas Cowboys
Washington Redskins,1995,6,1995-10-08,Philadelphia Eagles
Washington Redskins,1995,7,1995-10-15,Arizona Cardinals
Washington Redskins,1995,8,1995-10-22,Detroit Lions
Washington Redskins,1995,9,1995-10-29,New York Giants
Washington Redskins,1995,10,1995-11-05,Kansas City Chiefs
Washington Redskins,1995,12,1995-11-19,Seattle Seahawks
Washington Redskins,1995,13,1995-11-26,Philadelphia Eagles
Washington Redskins,1995,14,1995-12-03,Dallas Cowboys
Washington Redskins,1995,15,1995-12-10,New York Giants
Washington Redskins,1995,16,1995-12-17,St. Louis Rams
Washington Redskins,1995,17,1995-12-24,Carolina Panthers
Washington Redskins,1996,1,1996-09-01,Philadelphia Eagles
Washington Redskins,1996,2,1996-09-08,Chicago Bears
Washington Redskins,1996,3,1996-09-15,New York Giants
Washington Redskins,1996,4,1996-09-22,St. Louis Rams
Washington Redskins,1996,5,1996-09-29,New York Jets
Washington Redskins,1996,7,1996-10-13,New England Patriots
Washington Redskins,1996,8,1996-10-20,New York Giants
Washington Redskins,1996,9,1996-10-27,Indianapolis Colts
Washington Redskins,1996,10,1996-11-03,Buffalo Bills
Washington Redskins,1996,11,1996-11-10,Arizona Cardinals
Washington Redskins,1996,12,1996-11-17,Philadelphia Eagles
Washington Redskins,1996,13,1996-11-24,San Francisco 49ers
Washington Redskins,1996,14,1996-11-28,Dallas Cowboys
Washington Redskins,1996,15,1996-12-08,Tampa Bay Buccaneers
Washington Redskins,1996,16,1996-12-15,Arizona Cardinals
Washington Redskins,1996,17,1996-12-22,Dallas Cowboys
Washington Redskins,1997,1,1997-08-31,Carolina Panthers
Washington Redskins,1997,2,1997-09-07,Pittsburgh Steelers
Washington Redskins,1997,3,1997-09-14,Arizona Cardinals
Washington Redskins,1997,5,1997-09-28,Jacksonville Jaguars
Washington Redskins,1997,6,1997-10-05,Philadelphia Eagles
Washington Redskins,1997,7,1997-10-13,Dallas Cowboys
Washington Redskins,1997,8,1997-10-19,Tennessee Oilers
Washington Redskins,1997,9,1997-10-26,Baltimore Ravens
Washington Redskins,1997,10,1997-11-02,Chicago Bears
Washington Redskins,1997,11,1997-11-09,Detroit Lions
Washington Redskins,1997,12,1997-11-16,Dallas Cowboys
Washington Redskins,1997,13,1997-11-23,New York Giants
Washington Redskins,1997,14,1997-11-30,St. Louis Rams
Washington Redskins,1997,15,1997-12-07,Arizona Cardinals
Washington Redskins,1997,16,1997-12-13,New York Giants
Washington Redskins,1997,17,1997-12-21,Philadelphia Eagles
Washington Redskins,1998,1,1998-09-06,New York Giants
Washington Redskins,1998,2,1998-09-14,San Francisco 49ers
Washington Redskins,1998,3,1998-09-20,Seattle Seahawks
Washington Redskins,1998,4,1998-09-27,Denver Broncos
Washington Redskins,1998,5,1998-10-04,Dallas Cowboys
Washington Redskins,1998,6,1998-10-11,Philadelphia Eagles
Washington Redskins,1998,7,1998-10-18,Minnesota Vikings
Washington Redskins,1998,9,1998-11-01,New York Giants
Washington Redskins,1998,10,1998-11-08,Arizona Cardinals
Washington Redskins,1998,11,1998-11-15,Philadelphia Eagles
Washington Redskins,1998,12,1998-11-22,Arizona Cardinals
Washington Redskins,1998,13,1998-11-29,Oakland Raiders
Washington Redskins,1998,14,1998-12-06,San Diego Chargers
Washington Redskins,1998,15,1998-12-13,Carolina Panthers
Washington Redskins,1998,16,1998-12-19,Tampa Bay Buccaneers
Washington Redskins,1998,17,1998-12-27,Dallas Cowboys
Washington Redskins,1999,1,1999-09-12,Dallas Cowboys
Washington Redskins,1999,2,1999-09-19,New York Giants
Washington Redskins,1999,3,1999-09-26,New York Jets
Washington Redskins,1999,4,1999-10-03,Carolina Panthers
Washington Redskins,1999,6,1999-10-17,Arizona Cardinals
Washington Redskins,1999,7,1999-10-24,Dallas Cowboys
Washington Redskins,1999,8,1999-10-31,Chicago Bears
Washington Redskins,1999,9,1999-11-07,Buffalo Bills
Washington Redskins,1999,10,1999-11-14,Philadelphia Eagles
Washington Redskins,1999,11,1999-11-21,New York Giants
Washington Redskins,1999,12,1999-11-28,Philadelphia Eagles
Washington Redskins,1999,13,1999-12-05,Detroit Lions
Washington Redskins,1999,14,1999-12-12,Arizona Cardinals
Washington Redskins,1999,15,1999-12-19,Indianapolis Colts
Washington Redskins,1999,16,1999-12-26,San Francisco 49ers
Washington Redskins,1999,17,2000-01-02,Miami Dolphins
Washington Redskins,1999,18,2000-01-08,Detroit Lions
Washington Redskins,1999,19,2000-01-15,Tampa Bay Buccaneers
Washington Redskins,2000,1,2000-09-03,Carolina Panthers
Washington Redskins,2000,2,2000-09-10,Detroit Lions
Washington Redskins,2000,3,2000-09-18,Dallas Cowboys
Washington Redskins,2000,4,2000-09-24,New York Giants
Washington Redskins,2000,5,2000-10-01,Tampa Bay Buccaneers
Washington Redskins,2000,6,2000-10-08,Philadelphia Eagles
Washington Redskins,2000,7,2000-10-15,Baltimore Ravens
Washington Redskins,2000,8,2000-10-22,Jacksonville Jaguars
Washington Redskins,2000,9,2000-10-30,Tennessee Titans
Washington Redskins,2000,10,2000-11-05,Arizona Cardinals
Washington Redskins,2000,12,2000-11-20,St. Louis Rams
Washington Redskins,2000,13,2000-11-26,Philadelphia Eagles
Washington Redskins,2000,14,2000-12-03,New York Giants
Washington Redskins,2000,15,2000-12-10,Dallas Cowboys
Washington Redskins,2000,16,2000-12-16,Pittsburgh Steelers
Washington Redskins,2000,17,2000-12-24,Arizona Cardinals
Washington Redskins,2001,1,2001-09-09,San Diego Chargers
Washington Redskins,2001,2,2001-09-24,Green Bay Packers
Washington Redskins,2001,3,2001-09-30,Kansas City Chiefs
Washington Redskins,2001,4,2001-10-07,New York Giants
Washington Redskins,2001,5,2001-10-15,Dallas Cowboys
Washington Redskins,2001,6,2001-10-21,Carolina Panthers
Washington Redskins,2001,7,2001-10-28,New York Giants
Washington Redskins,2001,8,2001-11-04,Seattle Seahawks
Washington Redskins,2001,10,2001-11-18,Denver Broncos
Washington Redskins,2001,11,2001-11-25,Philadelphia Eagles
Washington Redskins,2001,12,2001-12-02,Dallas Cowboys
Washington Redskins,2001,13,2001-12-09,Arizona Cardinals
Washington Redskins,2001,14,2001-12-16,Philadelphia Eagles
Washington Redskins,2001,15,2001-12-23,Chicago Bears
Washington Redskins,2001,16,2001-12-30,New Orleans Saints
Washington Redskins,2001,17,2002-01-06,Arizona Cardinals
Washington Redskins,2002,1,2002-09-08,Arizona Cardinals
Washington Redskins,2002,2,2002-09-16,Philadelphia Eagles
Washington Redskins,2002,3,2002-09-22,San Francisco 49ers
Washington Redskins,2002,5,2002-10-06,Tennessee Titans
Washington Redskins,2002,6,2002-10-13,New Orleans Saints
Washington Redskins,2002,7,2002-10-20,Green Bay Packers
Washington Redskins,2002,8,2002-10-27,Indianapolis Colts
Washington Redskins,2002,9,2002-11-03,Seattle Seahawks
Washington Redskins,2002,10,2002-11-10,Jacksonville Jaguars
Washington Redskins,2002,11,2002-11-17,New York Giants
Washington Redskins,2002,12,2002-11-24,St. Louis Rams
Washington Redskins,2002,13,2002-11-28,Dallas Cowboys
Washington Redskins,2002,14,2002-12-08,New York Giants
Washington Redskins,2002,15,2002-12-15,Philadelphia Eagles
Washington Redskins,2002,16,2002-12-22,Houston Texans
Washington Redskins,2002,17,2002-12-29,Dallas Cowboys
Washington Redskins,2003,1,2003-09-04,New York Jets
Washington Redskins,2003,2,2003-09-14,Atlanta Falcons
Washington Redskins,2003,3,2003-09-21,New York Giants
Washington Redskins,2003,4,2003-09-28,New England Patriots
Washington Redskins,2003,5,2003-10-05,Philadelphia Eagles
Washington Redskins,2003,6,2003-10-12,Tampa Bay Buccaneers
Washington Redskins,2003,7,2003-10-19,Buffalo Bills
Washington Redskins,2003,9,2003-11-02,Dallas Cowboys
Washington Redskins,2003,10,2003-11-09,Seattle Seahawks
Washington Redskins,2003,11,2003-11-16,Carolina Panthers
Washington Redskins,2003,12,2003-11-23,Miami Dolphins
Washington Redskins,2003,13,2003-11-30,New Orleans Saints
Washington Redskins,2003,14,2003-12-07,New York Giants
Washington Redskins,2003,15,2003-12-14,Dallas Cowboys
Washington Redskins,2003,16,2003-12-21,Chicago Bears
Washington Redskins,2003,17,2003-12-27,Philadelphia Eagles
Washington Redskins,2004,1,2004-09-12,Tampa Bay Buccaneers
Washington Redskins,2004,2,2004-09-19,New York Giants
Washington Redskins,2004,3,2004-09-27,Dallas Cowboys
Washington Redskins,2004,4,2004-10-03,Cleveland Browns
Washington Redskins,2004,5,2004-10-10,Baltimore Ravens
Washington Redskins,2004,6,2004-10-17,Chicago Bears
Washington Redskins,2004,8,2004-10-31,Green Bay Packers
Washington Redskins,2004,9,2004-11-07,Detroit Lions
Washington Redskins,2004,10,2004-11-14,Cincinnati Bengals
Washington Redskins,2004,11,2004-11-21,Philadelphia Eagles
Washington Redskins,2004,12,2004-11-28,Pittsburgh Steelers
Washington Redskins,2004,13,2004-12-05,New York Giants
Washington Redskins,2004,14,2004-12-12,Philadelphia Eagles
Washington Redskins,2004,15,2004-12-18,San Francisco 49ers
Washington Redskins,2004,16,2004-12-26,Dallas Cowboys
Washington Redskins,2004,17,2005-01-02,Minnesota Vikings
Washington Redskins,2005,1,2005-09-11,Chicago Bears
Washington Redskins,2005,2,2005-09-19,Dallas Cowboys
Washington Redskins,2005,4,2005-10-02,Seattle Seahawks
Washington Redskins,2005,5,2005-10-09,Denver Broncos
Washington Redskins,2005,6,2005-10-16,Kansas City Chiefs
Washington Redskins,2005,7,2005-10-23,San Francisco 49ers
Washington Redskins,2005,8,2005-10-30,New York Giants
Washington Redskins,2005,9,2005-11-06,Philadelphia Eagles
Washington Redskins,2005,10,2005-11-13,Tampa Bay Buccaneers
Washington Redskins,2005,11,2005-11-20,Oakland Raiders
Washington Redskins,2005,12,2005-11-27,San Diego Chargers
Washington Redskins,2005,13,2005-12-04,St. Louis Rams
Washington Redskins,2005,14,2005-12-11,Arizona Cardinals
Washington Redskins,2005,15,2005-12-18,Dallas Cowboys
Washington Redskins,2005,16,2005-12-24,New York Giants
Washington Redskins,2005,17,2006-01-01,Philadelphia Eagles
Washington Redskins,2005,18,2006-01-07,Tampa Bay Buccaneers
Washington Redskins,2005,19,2006-01-14,Seattle Seahawks
Washington Redskins,2006,1,2006-09-11,Minnesota Vikings
Washington Redskins,2006,2,2006-09-17,Dallas Cowboys
Washington Redskins,2006,3,2006-09-24,Houston Texans
Washington Redskins,2006,4,2006-10-01,Jacksonville Jaguars
Washington Redskins,2006,5,2006-10-08,New York Giants
Washington Redskins,2006,6,2006-10-15,Tennessee Titans
Washington Redskins,2006,7,2006-10-22,Indianapolis Colts
Washington Redskins,2006,9,2006-11-05,Dallas Cowboys
Washington Redskins,2006,10,2006-11-12,Philadelphia Eagles
Washington Redskins,2006,11,2006-11-19,Tampa Bay Buccaneers
Washington Redskins,2006,12,2006-11-26,Carolina Panthers
Washington Redskins,2006,13,2006-12-03,Atlanta Falcons
Washington Redskins,2006,14,2006-12-10,Philadelphia Eagles
Washington Redskins,2006,15,2006-12-17,New Orleans Saints
Washington Redskins,2006,16,2006-12-24,St. Louis Rams
Washington Redskins,2006,17,2006-12-30,New York Giants
Washington Redskins,2007,1,2007-09-09,Miami Dolphins
Washington Redskins,2007,2,2007-09-17,Philadelphia Eagles
Washington Redskins,2007,3,2007-09-23,New York Giants
Washington Redskins,2007,5,2007-10-07,Detroit Lions
Washington Redskins,2007,6,2007-10-14,Green Bay Packers
Washington Redskins,2007,7,2007-10-21,Arizona Cardinals
Washington Redskins,2007,8,2007-10-28,New England Patriots
Washington Redskins,2007,9,2007-11-04,New York Jets
Washington Redskins,2007,10,2007-11-11,Philadelphia Eagles
Washington Redskins,2007,11,2007-11-18,Dallas Cowboys
Washington Redskins,2007,12,2007-11-25,Tampa Bay Buccaneers
Washington Redskins,2007,13,2007-12-02,Buffalo Bills
Washington Redskins,2007,14,2007-12-06,Chicago Bears
Washington Redskins,2007,15,2007-12-16,New York Giants
Washington Redskins,2007,16,2007-12-23,Minnesota Vikings
Washington Redskins,2007,17,2007-12-30,Dallas Cowboys
Washington Redskins,2007,18,2008-01-05,Seattle Seahawks
Washington Redskins,2008,1,2008-09-04,New York Giants
Washington Redskins,2008,2,2008-09-14,New Orleans Saints
Washington Redskins,2008,3,2008-09-21,Arizona Cardinals
Washington Redskins,2008,4,2008-09-28,Dallas Cowboys
Washington Redskins,2008,5,2008-10-05,Philadelphia Eagles
Washington Redskins,2008,6,2008-10-12,St. Louis Rams
Washington Redskins,2008,7,2008-10-19,Cleveland Browns
Washington Redskins,2008,8,2008-10-26,Detroit Lions
Washington Redskins,2008,9,2008-11-03,Pittsburgh Steelers
Washington Redskins,2008,11,2008-11-16,Dallas Cowboys
Washington Redskins,2008,12,2008-11-23,Seattle Seahawks
Washington Redskins,2008,13,2008-11-30,New York Giants
Washington Redskins,2008,14,2008-12-07,Baltimore Ravens
Washington Redskins,2008,15,2008-12-14,Cincinnati Bengals
Washington Redskins,2008,16,2008-12-21,Philadelphia Eagles
Washington Redskins,2008,17,2008-12-28,San Francisco 49ers
Washington Redskins,2009,1,2009-09-13,New York Giants
Washington Redskins,2009,2,2009-09-20,St. Louis Rams
Washington Redskins,2009,3,2009-09-27,Detroit Lions
Washington Redskins,2009,4,2009-10-04,Tampa Bay Buccaneers
Washington Redskins,2009,5,2009-10-11,Carolina Panthers
Washington Redskins,2009,6,2009-10-18,Kansas City Chiefs
Washington Redskins,2009,7,2009-10-26,Philadelphia Eagles
Washington Redskins,2009,9,2009-11-08,Atlanta Falcons
Washington Redskins,2009,10,2009-11-15,Denver Broncos
Washington Redskins,2009,11,2009-11-22,Dallas Cowboys
Washington Redskins,2009,12,2009-11-29,Philadelphia Eagles
Washington Redskins,2009,13,2009-12-06,New Orleans Saints
Washington Redskins,2009,14,2009-12-13,Oakland Raiders
Washington Redskins,2009,15,2009-12-21,New York Giants
Washington Redskins,2009,16,2009-12-27,Dallas Cowboys
Washington Redskins,2009,17,2010-01-03,San Diego Chargers
Washington Redskins,2010,1,2010-09-12,Dallas Cowboys
Washington Redskins,2010,2,2010-09-19,Houston Texans
Washington Redskins,2010,3,2010-09-26,St. Louis Rams
Washington Redskins,2010,4,2010-10-03,Philadelphia Eagles
Washington Redskins,2010,5,2010-10-10,Green Bay Packers
Washington Redskins,2010,6,2010-10-17,Indianapolis Colts
Washington Redskins,2010,7,2010-10-24,Chicago Bears
Washington Redskins,2010,8,2010-10-31,Detroit Lions
Washington Redskins,2010,10,2010-11-15,Philadelphia Eagles
Washington Redskins,2010,11,2010-11-21,Tennessee Titans
Washington Redskins,2010,12,2010-11-28,Minnesota Vikings
Washington Redskins,2010,13,2010-12-05,New York Giants
Washington Redskins,2010,14,2010-12-12,Tampa Bay Buccaneers
Washington Redskins,2010,15,2010-12-19,Dallas Cowboys
Washington Redskins,2010,16,2010-12-26,Jacksonville Jaguars
Washington Redskins,2010,17,2011-01-02,New York Giants
Washington Redskins,2011,1,2011-09-11,New York Giants
Washington Redskins,2011,2,2011-09-18,Arizona Cardinals
Washington Redskins,2011,3,2011-09-26,Dallas Cowboys
Washington Redskins,2011,4,2011-10-02,St. Louis Rams
Washington Redskins,2011,6,2011-10-16,Philadelphia Eagles
Washington Redskins,2011,7,2011-10-23,Carolina Panthers
Washington Redskins,2011,8,2011-10-30,Buffalo Bills
Washington Redskins,2011,9,2011-11-06,San Francisco 49ers
Washington Redskins,2011,10,2011-11-13,Miami Dolphins
Washington Redskins,2011,11,2011-11-20,Dallas Cowboys
Washington Redskins,2011,12,2011-11-27,Seattle Seahawks
Washington Redskins,2011,13,2011-12-04,New York Jets
Washington Redskins,2011,14,2011-12-11,New England Patriots
Washington Redskins,2011,15,2011-12-18,New York Giants
Washington Redskins,2011,16,2011-12-24,Minnesota Vikings
Washington Redskins,2011,17,2012-01-01,Philadelphia Eagles
Washington Redskins,2012,1,2012-09-09,New Orleans Saints
Washington Redskins,2012,2,2012-09-16,St. Louis Rams
Washington Redskins,2012,3,2012-09-23,Cincinnati Bengals
Washington Redskins,2012,4,2012-09-30,Tampa Bay Buccaneers
Washington Redskins,2012,5,2012-10-07,Atlanta Falcons
Washington Redskins,2012,6,2012-10-14,Minnesota Vikings
Washington Redskins,2012,7,2012-10-21,New York Giants
Washington Redskins,2012,8,2012-10-28,Pittsburgh Steelers
Washington Redskins,2012,9,2012-11-04,Carolina Panthers
Washington Redskins,2012,11,2012-11-18,Philadelphia Eagles
Washington Redskins,2012,12,2012-11-22,Dallas Cowboys
Washington Redskins,2012,13,2012-12-03,New York Giants
Washington Redskins,2012,14,2012-12-09,Baltimore Ravens
Washington Redskins,2012,15,2012-12-16,Cleveland Browns
Washington Redskins,2012,16,2012-12-23,Philadelphia Eagles
Washington Redskins,2012,17,2012-12-30,Dallas Cowboys
Washington Redskins,2012,18,2013-01-06,Seattle Seahawks
Washington Redskins,2013,1,2013-09-09,Philadelphia Eagles
Washington Redskins,2013,2,2013-09-15,Green Bay Packers
Washington Redskins,2013,3,2013-09-22,Detroit Lions
Washington Redskins,2013,4,2013-09-29,Oakland Raiders
Washington Redskins,2013,6,2013-10-13,Dallas Cowboys
Washington Redskins,2013,7,2013-10-20,Chicago Bears
Washington Redskins,2013,8,2013-10-27,Denver Broncos
Washington Redskins,2013,9,2013-11-03,San Diego Chargers
Washington Redskins,2013,10,2013-11-07,Minnesota Vikings
Washington Redskins,2013,11,2013-11-17,Philadelphia Eagles
Washington Redskins,2013,12,2013-11-25,San Francisco 49ers
Washington Redskins,2013,13,2013-12-01,New York Giants
Washington Redskins,2013,14,2013-12-08,Kansas City Chiefs
Washington Redskins,2013,15,2013-12-15,Atlanta Falcons
Washington Redskins,2013,16,2013-12-22,Dallas Cowboys
Washington Redskins,2013,17,2013-12-29,New York Giants
Washington Redskins,2014,1,2014-09-07,Houston Texans
Washington Redskins,2014,2,2014-09-14,Jacksonville Jaguars
Washington Redskins,2014,3,2014-09-21,Philadelphia Eagles
Washington Redskins,2014,4,2014-09-25,New York Giants
Washington Redskins,2014,5,2014-10-06,Seattle Seahawks
Washington Redskins,2014,6,2014-10-12,Arizona Cardinals
Washington Redskins,2014,7,2014-10-19,Tennessee Titans
Washington Redskins,2014,8,2014-10-27,Dallas Cowboys
Washington Redskins,2014,9,2014-11-02,Minnesota Vikings
Washington Redskins,2014,11,2014-11-16,Tampa Bay Buccaneers
Washington Redskins,2014,12,2014-11-23,San Francisco 49ers
Washington Redskins,2014,13,2014-11-30,Indianapolis Colts
Washington Redskins,2014,14,2014-12-07,St. Louis Rams
Washington Redskins,2014,15,2014-12-14,New York Giants
Washington Redskins,2014,16,2014-12-20,Philadelphia Eagles
Washington Redskins,2014,17,2014-12-28,Dallas Cowboys
Washington Redskins,2015,1,2015-09-13,Miami Dolphins
Washington Redskins,2015,2,2015-09-20,St. Louis Rams
Washington Redskins,2015,3,2015-09-24,New York Giants
Washington Redskins,2015,4,2015-10-04,Philadelphia Eagles
Washington Redskins,2015,5,2015-10-11,Atlanta Falcons
Washington Redskins,2015,6,2015-10-18,New York Jets
Washington Redskins,2015,7,2015-10-25,Tampa Bay Buccaneers
Washington Redskins,2015,9,2015-11-08,New England Patriots
Washington Redskins,2015,10,2015-11-15,New Orleans Saints
Washington Redskins,2015,11,2015-11-22,Carolina Panthers
Washington Redskins,2015,12,2015-11-29,New York Giants
Washington Redskins,2015,13,2015-12-07,Dallas Cowboys
Washington Redskins,2015,14,2015-12-13,Chicago Bears
Washington Redskins,2015,15,2015-12-20,Buffalo Bills
Washington Redskins,2015,16,2015-12-26,Philadelphia Eagles
Washington Redskins,2015,17,2016-01-03,Dallas Cowboys
Washington Redskins,2015,18,2016-01-10,Green Bay Packers
Washington Redskins,2016,1,2016-09-12,Pittsburgh Steelers
Washington Redskins,2016,2,2016-09-18,Dallas Cowboys
Washington Redskins,2016,3,2016-09-25,New York Giants
Washington Redskins,2016,4,2016-10-02,Cleveland Browns
Washington Redskins,2016,5,2016-10-09,Baltimore Ravens
Washington Redskins,2016,6,2016-10-16,Philadelphia Eagles
Washington Redskins,2016,7,2016-10-23,Detroit Lions
Washington Redskins,2016,8,2016-10-30,Cincinnati Bengals
Washington Redskins,2016,10,2016-11-13,Minnesota Vikings
Washington Redskins,2016,11,2016-11-20,Green Bay Packers
Washington Redskins,2016,12,2016-11-24,Dallas Cowboys
Washington Redskins,2016,13,2016-12-04,Arizona Cardinals
Washington Redskins,2016,14,2016-12-11,Philadelphia Eagles
Washington Redskins,2016,15,2016-12-19,Carolina Panthers
Washington Redskins,2016,16,2016-12-24,Chicago Bears
Washington Redskins,2016,17,2017-01-01,New York Giants
Washington Redskins,2017,1,2017-09-10,Philadelphia Eagles
Washington Redskins,2017,2,2017-09-17,Los Angeles Rams
Washington Redskins,2017,3,2017-09-24,Oakland Raiders
Washington Redskins,2017,4,2017-10-02,Kansas City Chiefs
Washington Redskins,2017,6,2017-10-15,San Francisco 49ers
Washington Redskins,2017,7,2017-10-23,Philadelphia Eagles
Washington Redskins,2017,8,2017-10-29,Dallas Cowboys
Washington Redskins,2017,9,2017-11-05,Seattle Seahawks
Washington Redskins,2017,10,2017-11-12,Minnesota Vikings
Washington Redskins,2017,11,2017-11-19,New Orleans Saints
Washington Redskins,2017,12,2017-11-23,New York Giants
Washington Redskins,2017,13,2017-11-30,Dallas Cowboys
Washington Redskins,2017,14,2017-12-10,Los Angeles Chargers
Washington Redskins,2017,15,2017-12-17,Arizona Cardinals
Washington Redskins,2017,16,2017-12-24,Denver Broncos
Washington Redskins,2017,17,2017-12-31,New York Giants
Washington Redskins,2018,1,2018-09-09,Arizona Cardinals
Washington Redskins,2018,2,2018-09-16,Indianapolis Colts
Washington Redskins,2018,3,2018-09-23,Green Bay Packers
Washington Redskins,2018,5,2018-10-08,New Orleans Saints
Washington Redskins,2018,6,2018-10-14,Carolina Panthers
Washington Redskins,2018,7,2018-10-21,Dallas Cowboys
Washington Redskins,2018,8,2018-10-28,New York Giants
Washington Redskins,2018,9,2018-11-04,Atlanta Falcons
Washington Redskins,2018,10,2018-11-11,Tampa Bay Buccaneers
Washington Redskins,2018,11,2018-11-18,Houston Texans
Washington Redskins,2018,12,2018-11-22,Dallas Cowboys
Washington Redskins,2018,13,2018-12-03,Philadelphia Eagles
Washington Redskins,2018,14,2018-12-09,New York Giants
Washington Redskins,2018,15,2018-12-16,Jacksonville Jaguars
Washington Redskins,2018,16,2018-12-22,Tennessee Titans
Washington Redskins,2018,17,2018-12-30,Philadelphia Eagles
Washington Redskins,2019,1,2019-09-08,Philadelphia Eagles
Washington Redskins,2019,2,2019-09-15,Dallas Cowboys
Washington Redskins,2019,3,2019-09-23,Chicago Bears
Washington Redskins,2019,4,2019-09-29,New York Giants
Washington Redskins,2019,5,2019-10-06,New England Patriots
Washington Redskins,2019,6,2019-10-13,Miami Dolphins
Washington Redskins,2019,7,2019-10-20,San Francisco 49ers
Washington Redskins,2019,8,2019-10-24,Minnesota Vikings
Washington Redskins,2019,9,2019-11-03,Buffalo Bills
Washington Redskins,2019,11,2019-11-17,New York Jets
Washington Redskins,2019,12,2019-11-24,Detroit Lions
Washington Redskins,2019,13,2019-12-01,Carolina Panthers
Washington Redskins,2019,14,2019-12-08,Green Bay Packers
Washington Redskins,2019,15,2019-12-15,Philadelphia Eagles
Washington Redskins,2019,16,2019-12-22,New York Giants
Washington Redskins,2019,17,2019-12-29,Dallas Cowboys
Washington Football Team,2020,1,2020-09-13,Philadelphia Eagles
Washington Football Team,2020,2,2020-09-20,Arizona Cardinals
Washington Football Team,2020,3,2020-09-27,Cleveland Browns
Washington Football Team,2020,4,2020-10-04,Baltimore Ravens
Washington Football Team,2020,5,2020-10-11,Los Angeles Rams
Washington Football Team,2020,6,2020-10-18,New York Giants
Washington Football Team,2020,7,2020-10-25,Dallas Cowboys
Washington Football Team,2020,9,2020-11-08,New York Giants
Washington Football Team,2020,10,2020-11-15,Detroit Lions
Washington Football Team,2020,11,2020-11-22,Cincinnati Bengals
Washington Football Team,2020,12,2020-11-26,Dallas Cowboys
Washington Football Team,2020,13,2020-12-07,Pittsburgh Steelers
Washington Football Team,2020,14,2020-12-13,San Francisco 49ers
Washington Football Team,2020,15,2020-12-20,Seattle Seahawks
Washington Football Team,2020,16,2020-12-27,Carolina Panthers
Washington Football Team,2020,17,2021-01-03,Philadelphia Eagles
Washington Football Team,2020,18,2021-01-09,Tampa Bay Buccaneers
Washington Football Team,2021,1,2021-09-12,Los Angeles Chargers
Washington Football Team,2021,2,2021-09-16,New York Giants
Washington Football Team,2021,3,2021-09-26,Buffalo Bills
Washington Football Team,2021,4,2021-10-03,Atlanta Falcons
Washington Football Team,2021,5,2021-10-10,New Orleans Saints
Washington Football Team,2021,6,2021-10-17,Kansas City Chiefs
Washington Football Team,2021,7,2021-10-24,Green Bay Packers
Washington Football Team,2021,8,2021-10-31,Denver Broncos
Washington Football Team,2021,10,2021-11-14,Tampa Bay Buccaneers
Washington Football Team,2021,11,2021-11-21,Carolina Panthers
Washington Football Team,2021,12,2021-11-29,Seattle Seahawks
Washington Football Team,2021,13,2021-12-05,Las Vegas Raiders
Washington Football Team,2021,14,2021-12-12,Dallas Cowboys
Washington Football Team,2021,15,2021-12-21,Philadelphia Eagles
Washington Football Team,2021,16,2021-12-26,Dallas Cowboys
Washington Football Team,2021,17,2022-01-02,Philadelphia Eagles
Washington Football Team,2021,18,2022-01-09,New York Giants
Washington Commanders,2022,1,2022-09-11,Jacksonville Jaguars
Washington Commanders,2022,2,2022-09-18,Detroit Lions
Washington Commanders,2022,3,2022-09-25,Philadelphia Eagles
Washington Commanders,2022,4,2022-10-02,Dallas Cowboys
Washington Commanders,2022,5,2022-10-09,Tennessee Titans
Washington Commanders,2022,6,2022-10-13,Chicago Bears
Washington Commanders,2022,7,2022-10-23,Green Bay Packers
Washington Commanders,2022,8,2022-10-30,Indianapolis Colts
Washington Commanders,2022,9,2022-11-06,Minnesota Vikings
Washington Commanders,2022,10,2022-11-14,Philadelphia Eagles
Washington Commanders,2022,11,2022-11-20,Houston Texans
Washington Commanders,2022,12,2022-11-27,Atlanta Falcons
Washington Commanders,2022,13,2022-12-04,New York Giants
Washington Commanders,2022,15,2022-12-18,New York Giants
Washington Commanders,2022,16,2022-12-24,San Francisco 49ers
Washington Commanders,2022,17,2023-01-01,Cleveland Browns
Washington Commanders,2022,18,2023-01-08,Dallas Cowboys
Washington Commanders,2023,1,2023-09-10,Arizona Cardinals
Washington Commanders,2023,2,2023-09-17,Denver Broncos
Washington Commanders,2023,3,2023-09-24,Buffalo Bills
Washington Commanders,2023,4,2023-10-01,Philadelphia Eagles
Washington Commanders,2023,5,2023-10-05,Chicago Bears
Washington Commanders,2023,6,2023-10-15,Atlanta Falcons
Washington Commanders,2023,7,2023-10-22,New York Giants
Washington Commanders,2023,8,2023-10-29,Philadelphia Eagles
Washington Commanders,2023,9,2023-11-05,New England Patriots
Washington Commanders,2023,10,2023-11-12,Seattle Seahawks
Washington Commanders,2023,11,2023-11-19,New York Giants
Washington Commanders,2023,12,2023-11-23,Dallas Cowboys
Washington Commanders,2023,13,2023-12-03,Miami Dolphins
Washington Commanders,2023,15,2023-12-17,Los Angeles Rams
Washington Commanders,2023,16,2023-12-24,New York Jets
Washington Commanders,2023,17,2023-12-31,San Francisco 49ers
Washington Commanders,2023,18,2024-01-07,Dallas Cowboys
Washington Commanders,2024,1,2024-09-08,Tampa Bay Buccaneers
Washington Commanders,2024,2,2024-09-15,New York Giants
Washington Commanders,2024,3,2024-09-23,Cincinnati Bengals
Washington Commanders,2024,4,2024-09-29,Arizona Cardinals
Washington Commanders,2024,5,2024-10-06,Cleveland Browns
Washington Commanders,2024,6,2024-10-13,Baltimore Ravens
Washington Commanders,2024,7,2024-10-20,Carolina Panthers
Washington Commanders,2024,8,2024-10-27,Chicago Bears
Washington Commanders,2024,9,2024-11-03,New York Giants
Washington Commanders,2024,10,2024-11-10,Pittsburgh Steelers
Washington Commanders,2024,11,2024-11-14,Philadelphia Eagles
Washington Commanders,2024,12,2024-11-24,Dallas Cowboys
Washington Commanders,2024,13,2024-12-01,Tennessee Titans
Washington Commanders,2024,15,2024-12-15,New Orleans Saints
Washington Commanders,2024,16,2024-12-22,Philadelphia Eagles
Washington Commanders,2024,17,2024-12-29,Atlanta Falcons
Washington Commanders,2024,18,2025-01-05,Dallas Cowboys
Washington Commanders,2024,19,2025-01-12,Tampa Bay Buccaneers
Washington Commanders,2024,20,2025-01-18,Detroit Lions
Washington Commanders,2024,21,2025-01-26,Philadelphia Eagles
